name,category,city,phone,rating,reviews_count,website,instagram,facebook,digital_presence,instagram_followers,facebook_followers,opportunity_score,estimated_ltv,recommended_pitch,tier
STYLX Gents Beauty Parlour,Beauty Parlour,Kollam,919633005033.0,5.0,5858.0,,,,none,,,98,195000,"You have 5858 happy clients with a 5.0 rating, but no website! Let's showcase your work with a premium profile on itsmy.wedding.",Tier 1 - Premium
Naturals,Beauty Parlour,Thrissur,917592002200.0,4.7,2946.0,,,,none,,,100,195000,"You have 2946 happy clients with a 4.7 rating, but no website! Let's showcase your work with a premium profile on itsmy.wedding.",Tier 1 - Premium
MAHARANI SILKS,Clothing Store,Kalpetta,914936202000.0,4.9,2076.0,,,,none,,,98,195000,"You have 2076 happy clients with a 4.9 rating, but no website! Let's showcase your work with a premium profile on itsmy.wedding.",Tier 1 - Premium
"Salon De R, Spa And Makeup",Beauty Parlour,Kollam,919633378666.0,4.7,1953.0,,,,none,,,98,195000,"You have 1953 happy clients with a 4.7 rating, but no website! Let's showcase your work with a premium profile on itsmy.wedding.",Tier 1 - Premium
"Simi's Bridal Studio & Academy | Celebrity Wedding Makeup Artist & Beautician Course In Kottayam,kerala",Make-up Artist,Kottayam,919495523438.0,4.9,1891.0,,https://www.instagram.com/makeoverby_simifemin?igsh=Y2g5cXVzOG00Mzd6,,social_only,,,88,195000,"You have 1891 happy clients with a 4.9 rating, but no website! Let's showcase your work with a premium profile on itsmy.wedding.",Tier 1 - Premium
La Reine Family Salon & Makeup Studio,Beauty Parlour,Chengannur,919207120002.0,4.7,1775.0,,,http://facebook.com/larefasa,social_only,,,88,195000,"You have 1775 happy clients with a 4.7 rating, but no website! Let's showcase your work with a premium profile on itsmy.wedding.",Tier 1 - Premium
Ygary Beauty Salon & Makeover Studio,Beauty Parlour,Palakkad,919074643514.0,4.9,1744.0,,https://instagram.com/ygarybridesofficial,,social_only,,,88,195000,"You have 1744 happy clients with a 4.9 rating, but no website! Let's showcase your work with a premium profile on itsmy.wedding.",Tier 1 - Premium
Foodwey Caterers,Caterer,Kozhikode,918589801000.0,4.8,1712.0,,,,none,,,100,390000,"You have 1712 happy clients with a 4.8 rating, but no website! Let's showcase your work with a premium profile on itsmy.wedding.",Tier 1 - Premium
Toni & Guy Essensuals - Beauty | Hair | Nail | Makeup | Best Salon In Calicut,Beauty Parlour,G. A College P. O,917510474474.0,4.8,1577.0,,,,none,,,98,195000,"You have 1577 happy clients with a 4.8 rating, but no website! Let's showcase your work with a premium profile on itsmy.wedding.",Tier 1 - Premium
Clair Unisex Beauty Spa And Salon,Beauty Parlour,Pandalam,917909298948.0,4.8,1571.0,,,,none,,,98,195000,"You have 1571 happy clients with a 4.8 rating, but no website! Let's showcase your work with a premium profile on itsmy.wedding.",Tier 1 - Premium
"Ashtamudi Wellness, Dental Care,bridal Makeup & Beauty Salon In Kottiyam,best Bridal Studio In Kottiyam",Beauty Parlour,Kottiyam,914742534411.0,4.7,1497.0,,,,none,,,98,195000,"You have 1497 happy clients with a 4.7 rating, but no website! Let's showcase your work with a premium profile on itsmy.wedding.",Tier 1 - Premium
Jacob's Caterers & Events Pvt Ltd,Caterer,Thiruvananthapuram,919562468636.0,4.7,1492.0,,,,none,,,100,390000,"You have 1492 happy clients with a 4.7 rating, but no website! Let's showcase your work with a premium profile on itsmy.wedding.",Tier 1 - Premium
Dezert Hair And Beauty Salon,Beauty Parlour,Palathara,919745960111.0,4.7,1426.0,,,,none,,,98,195000,"You have 1426 happy clients with a 4.7 rating, but no website! Let's showcase your work with a premium profile on itsmy.wedding.",Tier 1 - Premium
Wasava Cliff House,Event Venue,Kannur,919037386205.0,4.9,1379.0,,,,none,,,98,195000,"You have 1379 happy clients with a 4.9 rating, but no website! Let's showcase your work with a premium profile on itsmy.wedding.",Tier 1 - Premium
VIOLET Unisex Beauty Care & Bridal Makeup Studio,Beauty Parlour,Mavelikara,919847485975.0,4.7,1312.0,,https://www.instagram.com/violet_beauty_care/,,social_only,,,88,195000,"You have 1312 happy clients with a 4.7 rating, but no website! Let's showcase your work with a premium profile on itsmy.wedding.",Tier 1 - Premium
ORANGE WEDDING STORE,Clothing Store,Pathanamthitta,919895799201.0,4.7,1147.0,,,,none,,,98,195000,"You have 1147 happy clients with a 4.7 rating, but no website! Let's showcase your work with a premium profile on itsmy.wedding.",Tier 1 - Premium
Femino Ferragamo Unisex Studio Saloon,Beauty Parlour,Thiruvananthapuram,918714815745.0,4.7,1116.0,,,,none,,,100,195000,"You have 1116 happy clients with a 4.7 rating, but no website! Let's showcase your work with a premium profile on itsmy.wedding.",Tier 1 - Premium
Mayfair Ladies Salon Wellness & Spa/bridal Makeup,Beauty Parlour,Thiruvananthapuram,917356067466.0,4.8,1083.0,,,,none,,,100,195000,"You have 1083 happy clients with a 4.8 rating, but no website! Let's showcase your work with a premium profile on itsmy.wedding.",Tier 1 - Premium
Unique Beauty And Spa Kanhangad,Beauty Parlour,Kanhangad,918891691676.0,4.8,1078.0,,https://www.instagram.com/uniquebeautyandspa/,,social_only,,,88,195000,"You have 1078 happy clients with a 4.8 rating, but no website! Let's showcase your work with a premium profile on itsmy.wedding.",Tier 1 - Premium
Nakshathra Beauty Parlour And Bridal Studio,Beauty Parlour,Palakkad,919447354732.0,4.8,1070.0,,,,none,,,98,195000,"You have 1070 happy clients with a 4.8 rating, but no website! Let's showcase your work with a premium profile on itsmy.wedding.",Tier 1 - Premium
My Fairlady Bridal And Groom Makeup Studio,Make-up Artist,Chavakkad,918075562188.0,4.8,1036.0,,https://www.instagram.com/MyFairLadyBeautyMakeOver/,,social_only,,,88,195000,"You have 1036 happy clients with a 4.8 rating, but no website! Let's showcase your work with a premium profile on itsmy.wedding.",Tier 1 - Premium
Radhas Bridal Studio,Beauty Parlour,Manjeri,919744884497.0,4.9,986.0,,,,none,,,98,195000,"You have 986 happy clients with a 4.9 rating, but no website! Let's showcase your work with a premium profile on itsmy.wedding.",Tier 1 - Premium
Naturals,Beauty Parlour,Chavakkad,917592044400.0,4.8,943.0,,,,none,,,98,195000,"You have 943 happy clients with a 4.8 rating, but no website! Let's showcase your work with a premium profile on itsmy.wedding.",Tier 1 - Premium
Rose Petals Skin And Hair Beauty Parlour Varkala,Beauty Parlour,Varkala,917012463741.0,4.8,917.0,,,,none,,,98,195000,"You have 917 happy clients with a 4.8 rating, but no website! Let's showcase your work with a premium profile on itsmy.wedding.",Tier 1 - Premium
Belledonna,Beauty Parlour,Kozhikode,919846224871.0,5.0,896.0,,,,none,,,100,195000,"You have 896 happy clients with a 5.0 rating, but no website! Let's showcase your work with a premium profile on itsmy.wedding.",Tier 1 - Premium
Le Belleza Unisex Salon,Beauty Parlour,Kollam,917907137741.0,4.8,881.0,,,,none,,,98,195000,"You have 881 happy clients with a 4.8 rating, but no website! Let's showcase your work with a premium profile on itsmy.wedding.",Tier 1 - Premium
Tres Beau By Aadharsh,Beauty Parlour,Thrissur,916238662847.0,4.9,852.0,,,,none,,,100,195000,"You have 852 happy clients with a 4.9 rating, but no website! Let's showcase your work with a premium profile on itsmy.wedding.",Tier 1 - Premium
Dezert Makeover Studio Tirur,Beauty Parlour,Tirur,919645960111.0,4.8,831.0,,,,none,,,98,195000,"You have 831 happy clients with a 4.8 rating, but no website! Let's showcase your work with a premium profile on itsmy.wedding.",Tier 1 - Premium
JOANDGUY BRIDAL MAKE-UP STUDIO & UNISEX FAMILY SALON,Beauty Parlour,Ranni,918848201892.0,4.7,809.0,,,,none,,,98,195000,"You have 809 happy clients with a 4.7 rating, but no website! Let's showcase your work with a premium profile on itsmy.wedding.",Tier 1 - Premium
Popular Event Management | Catering & Stage Decoration Kollam And Kottarakara,Event Management Company,Kollam,919526041701.0,4.8,798.0,,,,none,,,98,1560000,"You have 798 happy clients with a 4.8 rating, but no website! Let's showcase your work with a premium profile on itsmy.wedding.",Tier 1 - Premium
FTV Salon MG Road Kochi,Beauty Parlour,Kochi,918089069996.0,4.8,765.0,,https://www.instagram.com/ftvsalonmgroad_kochi?igsh=dG9iejEwb2cwaTJr,,social_only,,,90,195000,"You have 765 happy clients with a 4.8 rating, but no website! Let's showcase your work with a premium profile on itsmy.wedding.",Tier 1 - Premium
Anitha's Angel Unisex Salon,Beauty Parlour,Pathanamthitta,919496241000.0,4.7,725.0,,,,none,,,98,195000,"You have 725 happy clients with a 4.7 rating, but no website! Let's showcase your work with a premium profile on itsmy.wedding.",Tier 1 - Premium
Aiswarya Makeup Gallery & Academy,Beauty Parlour,Thrissur,919544473927.0,4.9,716.0,,https://instagram.com/aiswaryamakeupgallery?igshid=OGQ5ZDc2ODk2ZA%3D%3D,,social_only,,,90,195000,"You have 716 happy clients with a 4.9 rating, but no website! Let's showcase your work with a premium profile on itsmy.wedding.",Tier 1 - Premium
The Makeover Bridal & Designing Studio,Make-up Artist,Thiruvananthapuram,918086145731.0,4.9,716.0,,,,none,,,100,195000,"You have 716 happy clients with a 4.9 rating, but no website! Let's showcase your work with a premium profile on itsmy.wedding.",Tier 1 - Premium
Skin Sense Clinic,Dermatologist,Kannur,917356357776.0,4.7,684.0,,,,none,,,98,195000,"You have 684 happy clients with a 4.7 rating, but no website! Let's showcase your work with a premium profile on itsmy.wedding.",Tier 1 - Premium
ADONIS BEAUTY LOUNGE,Beauty Parlour,Kozhikode,919895888157.0,4.9,676.0,,,,none,,,100,195000,"You have 676 happy clients with a 4.9 rating, but no website! Let's showcase your work with a premium profile on itsmy.wedding.",Tier 1 - Premium
Handsome Unisex Beauty Parlour& Bridal Make Up,Beauty Parlour,Kanhangad,919539071201.0,4.9,671.0,,https://www.instagram.com/beautyandguy_salon?igsh=ZjR3czc2NjdvZW5o,,social_only,,,88,195000,"You have 671 happy clients with a 4.9 rating, but no website! Let's showcase your work with a premium profile on itsmy.wedding.",Tier 1 - Premium
Regal's Lovely Lady Beauty Parlour,Beauty Parlour,Kottakkal,919495885886.0,4.7,662.0,,,,none,,,98,195000,"You have 662 happy clients with a 4.7 rating, but no website! Let's showcase your work with a premium profile on itsmy.wedding.",Tier 1 - Premium
Bethsheba Makeup Studio ( ‡¥¨‡µÜ‡¥§‡µç‡¥∑‡µá‡¥¨‡¥æ ‡¥Æ‡µá‡¥ï‡µç‡¥ï‡¥™‡µç‡¥™‡µç ‡¥∏‡µç‡¥±‡µç‡¥±‡µÅ‡¥°‡¥ø‡¥Ø‡µã ),Beauty Parlour,Mallappally,918848153139.0,4.9,661.0,,,,none,,,98,195000,"You have 661 happy clients with a 4.9 rating, but no website! Let's showcase your work with a premium profile on itsmy.wedding.",Tier 1 - Premium
Naturals,Beauty Parlour,Thrissur,917559011658.0,4.8,655.0,,,,none,,,100,195000,"You have 655 happy clients with a 4.8 rating, but no website! Let's showcase your work with a premium profile on itsmy.wedding.",Tier 1 - Premium
Pink Hair And Bridal Makeovers Studio,Beauty Parlour,Puthukkad,919567365875.0,4.9,639.0,,,,none,,,98,195000,"You have 639 happy clients with a 4.9 rating, but no website! Let's showcase your work with a premium profile on itsmy.wedding.",Tier 1 - Premium
CHAMAYAM UNISEX SALON & MAKEOVER STUDIO,Beauty Parlour,Kallambalam,919747197235.0,4.8,638.0,,,,none,,,98,195000,"You have 638 happy clients with a 4.8 rating, but no website! Let's showcase your work with a premium profile on itsmy.wedding.",Tier 1 - Premium
IMAC Institute Of Makeup & Cosmetology PVT.LTD,Training Center,Kozhikode,919387262626.0,4.8,607.0,,,,none,,,100,195000,"You have 607 happy clients with a 4.8 rating, but no website! Let's showcase your work with a premium profile on itsmy.wedding.",Tier 1 - Premium
Inst-aura Mens Makeover Studio,Beauty Parlour,Guruvayur,918592004400.0,4.7,597.0,,,,none,,,98,195000,"You have 597 happy clients with a 4.7 rating, but no website! Let's showcase your work with a premium profile on itsmy.wedding.",Tier 1 - Premium
CZARO,Beauty Parlour,Thaikkad,918089695393.0,4.8,594.0,,,,none,,,98,195000,"You have 594 happy clients with a 4.8 rating, but no website! Let's showcase your work with a premium profile on itsmy.wedding.",Tier 1 - Premium
Pink Bridal Makeovers & Pink Panther Family Salon,Beauty Parlour,Thiruvananthapuram,919895655556.0,4.7,568.0,,,https://www.facebook.com/share/eeyXiNfup2REGPtg/?mibextid=qi2Omg,social_only,,,90,195000,"You have 568 happy clients with a 4.7 rating, but no website! Let's showcase your work with a premium profile on itsmy.wedding.",Tier 1 - Premium
Tejaswi Beauty Care & Make Up Studio,Supermarket,Thiruvananthapuram,919586725274.0,4.9,547.0,,,,none,,,100,195000,"You have 547 happy clients with a 4.9 rating, but no website! Let's showcase your work with a premium profile on itsmy.wedding.",Tier 1 - Premium
WHITE ROSE EVENTS MANKADA,Event Management Company,Perinthalmanna,918943715555.0,4.8,546.0,,,,none,,,98,1560000,"You have 546 happy clients with a 4.8 rating, but no website! Let's showcase your work with a premium profile on itsmy.wedding.",Tier 1 - Premium
Rans Beauty Salon And Bridal Makeover Studio,Beauty Parlour,Kochi,914844012220.0,4.9,539.0,,,,none,,,100,195000,"You have 539 happy clients with a 4.9 rating, but no website! Let's showcase your work with a premium profile on itsmy.wedding.",Tier 1 - Premium
HS Mehndi Wedding Mall,Clothing Store,Chavakkad,914872500402.0,4.7,535.0,,,,none,,,98,195000,"You have 535 happy clients with a 4.7 rating, but no website! Let's showcase your work with a premium profile on itsmy.wedding.",Tier 1 - Premium
OLEY Makeup Studio & Accademy,Beauty Parlour,Konni,919961508520.0,4.7,523.0,,,,none,,,98,195000,"You have 523 happy clients with a 4.7 rating, but no website! Let's showcase your work with a premium profile on itsmy.wedding.",Tier 1 - Premium
MEHNDI BRIDAL MAKEUP STUDIO,Beauty Parlour,Cherthala,919074103342.0,4.8,517.0,,,,none,,,98,195000,"You have 517 happy clients with a 4.8 rating, but no website! Let's showcase your work with a premium profile on itsmy.wedding.",Tier 1 - Premium
D Salon,Beauty Parlour,Neriamangalam,917306149154.0,4.9,505.0,,,,none,,,98,195000,"You have 505 happy clients with a 4.9 rating, but no website! Let's showcase your work with a premium profile on itsmy.wedding.",Tier 1 - Premium
Laksh Unisex Salon,Beauty Parlour,Kozhencherry,916282175286.0,4.7,504.0,,,,none,,,98,195000,"You have 504 happy clients with a 4.7 rating, but no website! Let's showcase your work with a premium profile on itsmy.wedding.",Tier 1 - Premium
BLUBY SIGNATURE SALON,Beauty Parlour,Palakkad,918086353353.0,4.7,499.0,,,,none,,,98,195000,"You have 499 happy clients with a 4.7 rating, but no website! Let's showcase your work with a premium profile on itsmy.wedding.",Tier 1 - Premium
City Collections Thrissur | Cosmetics | Salon Furniture | Salon Equipment,Beauty Products Wholesaler,Thrissur,919605351230.0,4.9,495.0,,,,none,,,100,195000,"You have 495 happy clients with a 4.9 rating, but no website! Let's showcase your work with a premium profile on itsmy.wedding.",Tier 1 - Premium
Collab Hair Makeup Studio,Beauty Parlour,Kozhikode,919961993029.0,4.7,472.0,,,,none,,,100,195000,"You have 472 happy clients with a 4.7 rating, but no website! Let's showcase your work with a premium profile on itsmy.wedding.",Tier 1 - Premium
ùêíùêÆùê¢ùê≠ùêõùêöùêû | ùêìùê°ùêû ùêèùê´ùêûùê¶ùê¢ùêÆùê¶ ùêíùêÆùê¢ùê≠ ùêëùêûùêßùê≠ùêöùê•ùê¨,Wedding Dress Rental Service,Kattappana,919961336914.0,4.9,471.0,,,,none,,,98,195000,"You have 471 happy clients with a 4.9 rating, but no website! Let's showcase your work with a premium profile on itsmy.wedding.",Tier 1 - Premium
Natural Beauty Parlour And Makeup Studio,Beauty Parlour,Alakode,919446738784.0,4.7,465.0,,https://www.instagram.com/shalas_natural_makeupstudio/,,social_only,,,88,195000,"You have 465 happy clients with a 4.7 rating, but no website! Let's showcase your work with a premium profile on itsmy.wedding.",Tier 1 - Premium
Reethi Beauty Salon And Bridal Makeup Studio,Beauty Parlour,Konni,919605381227.0,5.0,456.0,,,,none,,,98,195000,"You have 456 happy clients with a 5.0 rating, but no website! Let's showcase your work with a premium profile on itsmy.wedding.",Tier 1 - Premium
Ayna Beauty Parlour,Beauty Parlour,Kochi,918848786460.0,4.8,453.0,,,,none,,,100,195000,"You have 453 happy clients with a 4.8 rating, but no website! Let's showcase your work with a premium profile on itsmy.wedding.",Tier 1 - Premium
Glaze Makeup Studio And Beauty Salon,Make-up Artist,Kothamangalam,919495444308.0,4.8,444.0,,,,none,,,98,195000,"You have 444 happy clients with a 4.8 rating, but no website! Let's showcase your work with a premium profile on itsmy.wedding.",Tier 1 - Premium
Bhanu Kalaivani Wedding Make-up Studio Kerala India,Make-up Artist,Ernakulam,919497444473.0,5.0,430.0,,,,none,,,98,195000,"You have 430 happy clients with a 5.0 rating, but no website! Let's showcase your work with a premium profile on itsmy.wedding.",Tier 1 - Premium
Sindhuram Beauty Parlour,Beauty Parlour,Kochi,919447361112.0,4.9,422.0,,,https://www.facebook.com/123645799541417/posts/123685276204136/?flite=scwspnss,social_only,,,90,195000,"You have 422 happy clients with a 4.9 rating, but no website! Let's showcase your work with a premium profile on itsmy.wedding.",Tier 1 - Premium
"Lechus Beauty Parlor,love Dale, Eranat Temple Road,palluruthy, Kochi-682006",Beauty Parlour,Kochi,919446092839.0,4.9,421.0,,,,none,,,100,195000,"You have 421 happy clients with a 4.9 rating, but no website! Let's showcase your work with a premium profile on itsmy.wedding.",Tier 1 - Premium
Era Makeovers Family Beauty Parlour Kottakkal,Beauty Parlour,Kottakkal,917025122122.0,4.8,411.0,,,,none,,,98,195000,"You have 411 happy clients with a 4.8 rating, but no website! Let's showcase your work with a premium profile on itsmy.wedding.",Tier 1 - Premium
Manavatty Makeup Studio,Beauty Parlour,Kottayam,919447897433.0,4.8,410.0,,https://www.instagram.com/manavattymakeupstudio?igsh=YnhmYnd0MXN2N3Nm,,social_only,,,88,195000,"You have 410 happy clients with a 4.8 rating, but no website! Let's showcase your work with a premium profile on itsmy.wedding.",Tier 1 - Premium
A To Z Events & Caters Thiruvanthapuram,Event Management Company,Malayinkeezh,918848780714.0,4.9,409.0,,,,none,,,98,1560000,"You have 409 happy clients with a 4.9 rating, but no website! Let's showcase your work with a premium profile on itsmy.wedding.",Tier 1 - Premium
GOLDEN CUP BRIDAL RENTAL JEWELLERY CALICUT,Bridal Shop,Kozhikode,917558093998.0,4.8,408.0,,,,none,,,100,195000,"You have 408 happy clients with a 4.8 rating, but no website! Let's showcase your work with a premium profile on itsmy.wedding.",Tier 1 - Premium
"Ziah Bridal Makeover-bridal Makeup Ernakulam, Bridal Makeup Kochi, Bridal Makeup Tripunithura, Freelance Makeup Artist Kochi",Make-up Artist,Ernakulam,919447668473.0,5.0,407.0,,,,none,,,98,195000,"You have 407 happy clients with a 5.0 rating, but no website! Let's showcase your work with a premium profile on itsmy.wedding.",Tier 1 - Premium
Art Hub Tattoos,Tattoo Shop,Varkala,919447326072.0,5.0,405.0,,,,none,,,98,195000,"You have 405 happy clients with a 5.0 rating, but no website! Let's showcase your work with a premium profile on itsmy.wedding.",Tier 1 - Premium
GOLDEN CUP BRIDAL RENTAL JEWELLERY THRISSUR,Bridal Shop,Thrissur,917994323998.0,4.9,394.0,,,,none,,,100,195000,"You have 394 happy clients with a 4.9 rating, but no website! Let's showcase your work with a premium profile on itsmy.wedding.",Tier 1 - Premium
BE TO BE EVENTS,Event Management Company,Kattappana,919605091284.0,4.9,387.0,,,,none,,,98,1560000,"You have 387 happy clients with a 4.9 rating, but no website! Let's showcase your work with a premium profile on itsmy.wedding.",Tier 1 - Premium
Aadityaa Beauty Clinic And Bridal Make Up Studio,Beauty Parlour,Kozhikode,919656032406.0,4.7,382.0,,,,none,,,100,195000,"You have 382 happy clients with a 4.7 rating, but no website! Let's showcase your work with a premium profile on itsmy.wedding.",Tier 1 - Premium
Akshay's Rent A Car,Car Rental Agency,Guruvayur,918592990699.0,4.9,381.0,,,,none,,,98,195000,"You have 381 happy clients with a 4.9 rating, but no website! Let's showcase your work with a premium profile on itsmy.wedding.",Tier 1 - Premium
"Essensuals Hairdressing By Toni&guy, Kattapana",Beauty Parlour,Kattappana,919074409074.0,4.7,381.0,,,,none,,,98,195000,"You have 381 happy clients with a 4.7 rating, but no website! Let's showcase your work with a premium profile on itsmy.wedding.",Tier 1 - Premium
Pride Kitchen Caterers & Events,Catering Food And Drink Supplier,Thrissur,918138002333.0,4.9,378.0,,,,none,,,100,195000,"You have 378 happy clients with a 4.9 rating, but no website! Let's showcase your work with a premium profile on itsmy.wedding.",Tier 1 - Premium
Magnet Family Salon,Beauty Parlour,Kannur,917012838193.0,4.8,377.0,,,,none,,,98,195000,"You have 377 happy clients with a 4.8 rating, but no website! Let's showcase your work with a premium profile on itsmy.wedding.",Tier 1 - Premium
Cochin Rahumania Caterers,Caterer,Thiruvananthapuram,919895344807.0,4.8,371.0,,,,none,,,100,390000,"You have 371 happy clients with a 4.8 rating, but no website! Let's showcase your work with a premium profile on itsmy.wedding.",Tier 1 - Premium
GREEN NEST KUMBALANGI,Wedding Venue,Kochi,918086379668.0,4.7,368.0,,https://instagram.com/greennest_kumbalangi?igshid=ZDc4ODBmNjlmNQ%3D%3D,,social_only,,,90,1170000,"You have 368 happy clients with a 4.7 rating, but no website! Let's showcase your work with a premium profile on itsmy.wedding.",Tier 1 - Premium
Unique Beauty And Spa Kasaragod,Beauty Parlour,Kasaragod,918590916919.0,4.9,365.0,,,https://www.facebook.com/uniquebeautyandspakhd/,social_only,,,88,195000,"You have 365 happy clients with a 4.9 rating, but no website! Let's showcase your work with a premium profile on itsmy.wedding.",Tier 1 - Premium
Dain's Bridal Studio,Beauty Parlour,Kothamangalam,918921122476.0,4.8,356.0,,,,none,,,98,195000,"You have 356 happy clients with a 4.8 rating, but no website! Let's showcase your work with a premium profile on itsmy.wedding.",Tier 1 - Premium
Muhabath Catering & Event Management,Caterer,Pulloormukku,919446807488.0,4.8,354.0,,http://www.instagram.com/muhabath_catering_,,social_only,,,88,390000,"You have 354 happy clients with a 4.8 rating, but no website! Let's showcase your work with a premium profile on itsmy.wedding.",Tier 1 - Premium
Monaliza Makeup Studio,Make-up Artist,Kakkasseri,919388132080.0,4.8,352.0,,https://instagram.com/monaliza.online?igshid=MzNlNGNkZWQ4Mg%3D%3D,,social_only,,,88,195000,"You have 352 happy clients with a 4.8 rating, but no website! Let's showcase your work with a premium profile on itsmy.wedding.",Tier 1 - Premium
Nice Photography,Wedding Photographer,Palakkad,919645912200.0,4.9,352.0,,https://www.instagram.com/nicephotographykerala/?hl=en,,social_only,,,88,585000,"You have 352 happy clients with a 4.9 rating, but no website! Let's showcase your work with a premium profile on itsmy.wedding.",Tier 1 - Premium
Blue Pink Family Salon &makeup Studio,Beauty Parlour,Pathanamthitta,918943270272.0,4.7,343.0,,,,none,,,98,195000,"You have 343 happy clients with a 4.7 rating, but no website! Let's showcase your work with a premium profile on itsmy.wedding.",Tier 1 - Premium
Scentral Professional Beauty Clinic,Beauty Parlour,Alappuzha,919946804004.0,4.7,341.0,,,,none,,,98,195000,"You have 341 happy clients with a 4.7 rating, but no website! Let's showcase your work with a premium profile on itsmy.wedding.",Tier 1 - Premium
T J Sumith Photography,Wedding Photographer,Alappuzha,919446335274.0,4.9,341.0,,,,none,,,98,585000,"You have 341 happy clients with a 4.9 rating, but no website! Let's showcase your work with a premium profile on itsmy.wedding.",Tier 1 - Premium
BEAUTY PLAZA,Beauty Parlour,Varkala,917034814468.0,4.9,341.0,,,,none,,,98,195000,"You have 341 happy clients with a 4.9 rating, but no website! Let's showcase your work with a premium profile on itsmy.wedding.",Tier 1 - Premium
‡¥ö‡¥ø‡¥®‡µç‡¥§‡¥æ‡¥Æ‡¥£‡¥ø ‡¥ï‡¥≤‡µç‡¥Ø‡¥æ‡¥£‡¥ï‡µç‡¥ï‡¥§‡µç‡¥§‡µÅ‡¥ï‡µæ Chinthaamani Wedding Cards,Invitation Printing Service,Thiruvananthapuram,919895078041.0,4.7,339.0,,,,none,,,100,195000,"You have 339 happy clients with a 4.7 rating, but no website! Let's showcase your work with a premium profile on itsmy.wedding.",Tier 1 - Premium
Swasti Saree Draping & Mehndi Studio,Stylist,Thiruvananthapuram,917012159920.0,4.9,337.0,,,,none,,,100,195000,"You have 337 happy clients with a 4.9 rating, but no website! Let's showcase your work with a premium profile on itsmy.wedding.",Tier 1 - Premium
"Toni&guy Essensuals Guruvayur, Pancharamukku",Hairdresser,Guruvayur,919497611234.0,4.9,335.0,,https://instagram.com/toniandguyguruvayur,,social_only,,,88,195000,"You have 335 happy clients with a 4.9 rating, but no website! Let's showcase your work with a premium profile on itsmy.wedding.",Tier 1 - Premium
LASH Bridal & Family Beauty Salon,Beauty Parlour,Kottiyam,917559947405.0,4.9,331.0,,,,none,,,98,195000,"You have 331 happy clients with a 4.9 rating, but no website! Let's showcase your work with a premium profile on itsmy.wedding.",Tier 1 - Premium
Lakme Academy,Beauty School,Thiruvananthapuram,919061390612.0,4.9,327.0,,,http://facebook.com/lakmeacademytrivandrum,social_only,,,90,195000,"You have 327 happy clients with a 4.9 rating, but no website! Let's showcase your work with a premium profile on itsmy.wedding.",Tier 1 - Premium
Icono Beauty World & Makeover Studio,Beauty Parlour,Kollam,919447978174.0,4.8,327.0,,,https://www.facebook.com/Iconobeautyworld,social_only,,,88,195000,"You have 327 happy clients with a 4.8 rating, but no website! Let's showcase your work with a premium profile on itsmy.wedding.",Tier 1 - Premium
Aura Beauty Lounge,Beauty Parlour,Kochi,918289808952.0,4.9,322.0,,https://www.instagram.com/aura_beauty_lounge?igsh=MXc0bHFndjRwcG4zcA%3D%3D,,social_only,,,90,195000,"You have 322 happy clients with a 4.9 rating, but no website! Let's showcase your work with a premium profile on itsmy.wedding.",Tier 1 - Premium
Infinity Beauty Look,Beauty Parlour,Parippally,919207060698.0,4.7,317.0,,,,none,,,98,195000,"You have 317 happy clients with a 4.7 rating, but no website! Let's showcase your work with a premium profile on itsmy.wedding.",Tier 1 - Premium
VILLAGE CANOPY | Outdoor Wedding Venue,Wedding Venue,Kochi,919846969508.0,4.7,312.0,,https://www.instagram.com/village_canopy?igsh=NjN3ZmVqcXAwazdq,,social_only,,,90,1170000,"You have 312 happy clients with a 4.7 rating, but no website! Let's showcase your work with a premium profile on itsmy.wedding.",Tier 1 - Premium
Event Management Company - Riya Events,Event Management Company,Kollam,919847410794.0,5.0,308.0,,,,none,,,98,1560000,"You have 308 happy clients with a 5.0 rating, but no website! Let's showcase your work with a premium profile on itsmy.wedding.",Tier 1 - Premium
Promise Bride,Boutique,Changuvetty,918606546000.0,4.7,302.0,,,,none,,,98,195000,"You have 302 happy clients with a 4.7 rating, but no website! Let's showcase your work with a premium profile on itsmy.wedding.",Tier 1 - Premium
Febinji's Saree Draping & Bridal Makeup,Make-up Artist,Guruvayur,918281822205.0,5.0,298.0,,https://www.instagram.com/reel/C-Dl_Hzyezi/?igsh=MXcwdndhYzVvOGZ5Ng%3D%3D,,social_only,,,88,195000,"You have 298 happy clients with a 5.0 rating, but no website! Let's showcase your work with a premium profile on itsmy.wedding.",Tier 1 - Premium
Dora Bridal And Beauty Salon,Beauty Parlour,Kozhikode,919895228228.0,4.7,295.0,,,,none,,,100,195000,"You have 295 happy clients with a 4.7 rating, but no website! Let's showcase your work with a premium profile on itsmy.wedding.",Tier 1 - Premium
Wedding Charms Bridal Jewellery Rentals,Jewelry Store,Thrissur,919567896663.0,4.8,293.0,,,,none,,,100,195000,"You have 293 happy clients with a 4.8 rating, but no website! Let's showcase your work with a premium profile on itsmy.wedding.",Tier 1 - Premium
IMAGECAFE Wedding&modeling,Wedding Photographer,,919995209144.0,5.0,291.0,,,,none,,,98,585000,"You have 291 happy clients with a 5.0 rating, but no website! Let's showcase your work with a premium profile on itsmy.wedding.",Tier 1 - Premium
BLUSH FAMILY SALON,Beauty Parlour,Kottakkal,917025939387.0,4.8,290.0,,https://www.instagram.com/blush_beauty_salon_kottakkal?igsh=MWNhNnI3NDJyYXY4dw%3D%3D,,social_only,,,88,195000,"You have 290 happy clients with a 4.8 rating, but no website! Let's showcase your work with a premium profile on itsmy.wedding.",Tier 1 - Premium
"FIA BRIDAL STUDIO, Ladies Beauty Parlour&bridal Make-up, In Thirssur, Poonkunnam. ‡¥´‡¥ø‡¥Ø ‡¥¨‡µç‡¥∞‡µà‡¥°‡µΩ ‡¥∏‡µç‡¥±‡µç‡¥±‡µÅ‡¥°‡¥ø‡¥Ø‡µã,",Beauty Parlour,Thrissur,919744468899.0,5.0,287.0,,,,none,,,100,195000,"You have 287 happy clients with a 5.0 rating, but no website! Let's showcase your work with a premium profile on itsmy.wedding.",Tier 1 - Premium
Hippie Nation Unisex Salon,Beauty Parlour,Thrissur,918139888823.0,4.7,282.0,,,,none,,,100,195000,"You have 282 happy clients with a 4.7 rating, but no website! Let's showcase your work with a premium profile on itsmy.wedding.",Tier 1 - Premium
Shobitha Haircare & Bridal Makeup,Make-up Artist,Kanhangad,918075340778.0,4.9,280.0,,,,none,,,98,195000,"You have 280 happy clients with a 4.9 rating, but no website! Let's showcase your work with a premium profile on itsmy.wedding.",Tier 1 - Premium
TAIMA BRIDAL RENTAL JEWELLERY & WEDDING DRESS,Jewelry Store,Vandanam,919605088818.0,5.0,280.0,,,,none,,,98,195000,"You have 280 happy clients with a 5.0 rating, but no website! Let's showcase your work with a premium profile on itsmy.wedding.",Tier 1 - Premium
Yellow Paris Make Over & Makeup Studio,Make-up Artist,Thrissur,918606320632.0,4.7,277.0,,,,none,,,100,195000,"You have 277 happy clients with a 4.7 rating, but no website! Let's showcase your work with a premium profile on itsmy.wedding.",Tier 1 - Premium
Holidays Garden Resort,,,917034208484.0,4.8,276.0,,,,none,,,98,195000,"You have 276 happy clients with a 4.8 rating, but no website! Let's showcase your work with a premium profile on itsmy.wedding.",Tier 1 - Premium
Pink Makeovers Salon By Jaylaxmi,Beauty Parlour,Thiruvananthapuram,918891311383.0,4.7,275.0,,,,none,,,100,195000,"You have 275 happy clients with a 4.7 rating, but no website! Let's showcase your work with a premium profile on itsmy.wedding.",Tier 1 - Premium
Punarjani's Beauty Lounge Only For Ladies,Beauty Parlour,Kollam,918547128750.0,4.9,275.0,,https://www.instagram.com/punarjanis_?igsh=NzU3Nzl1ZzA4bDNp,,social_only,,,88,195000,"You have 275 happy clients with a 4.9 rating, but no website! Let's showcase your work with a premium profile on itsmy.wedding.",Tier 1 - Premium
Blush Women Salon,Beauty Parlour,Kozhikode,916235862229.0,4.8,275.0,,,,none,,,100,195000,"You have 275 happy clients with a 4.8 rating, but no website! Let's showcase your work with a premium profile on itsmy.wedding.",Tier 1 - Premium
Sruthi Lakshmi‚Äôs Beauty Zone,Beauty Parlour,Thrissur,918921584399.0,4.7,274.0,,,,none,,,100,195000,"You have 274 happy clients with a 4.7 rating, but no website! Let's showcase your work with a premium profile on itsmy.wedding.",Tier 1 - Premium
Shali's Unisex Beauty Salon,Beauty Parlour,Thrissur,918590916445.0,4.8,273.0,,,,none,,,100,195000,"You have 273 happy clients with a 4.8 rating, but no website! Let's showcase your work with a premium profile on itsmy.wedding.",Tier 1 - Premium
Sumesh Delicious Store,Caterer,Kochi,919747474702.0,4.9,272.0,,,https://m.facebook.com/100063788149517/,social_only,,,90,390000,"You have 272 happy clients with a 4.9 rating, but no website! Let's showcase your work with a premium profile on itsmy.wedding.",Tier 1 - Premium
Olivia Beauty Parlour,Beauty Parlour,Edayaranmula,918590238017.0,4.8,269.0,,,,none,,,98,195000,"You have 269 happy clients with a 4.8 rating, but no website! Let's showcase your work with a premium profile on itsmy.wedding.",Tier 1 - Premium
NATURALS Chandanathop,Beauty Parlour,Kollam,918547332644.0,4.7,268.0,,,,none,,,98,195000,"You have 268 happy clients with a 4.7 rating, but no website! Let's showcase your work with a premium profile on itsmy.wedding.",Tier 1 - Premium
Odine - The Outdoor Kitchen,Caterer,Malappuram,918089916765.0,4.7,264.0,,,,none,,,98,390000,"You have 264 happy clients with a 4.7 rating, but no website! Let's showcase your work with a premium profile on itsmy.wedding.",Tier 1 - Premium
Hair & Care Spa Beauty Parlour,Beauty Parlour,,919847104344.0,4.9,263.0,,,,none,,,98,195000,"You have 263 happy clients with a 4.9 rating, but no website! Let's showcase your work with a premium profile on itsmy.wedding.",Tier 1 - Premium
Etc Makeover Studio,Health Spa,Kozhikode,919048636503.0,5.0,262.0,,,,none,,,100,195000,"You have 262 happy clients with a 5.0 rating, but no website! Let's showcase your work with a premium profile on itsmy.wedding.",Tier 1 - Premium
Leo Women Hair & Beauty Salon,Beauty Parlour,Kottakkal,919388505045.0,4.9,261.0,,,,none,,,98,195000,"You have 261 happy clients with a 4.9 rating, but no website! Let's showcase your work with a premium profile on itsmy.wedding.",Tier 1 - Premium
Heavenly Brides & Beauty (ladies Makeup Studio And Spa),Beauty Parlour,Erattupetta,918848710564.0,4.7,260.0,,,,none,,,98,195000,"You have 260 happy clients with a 4.7 rating, but no website! Let's showcase your work with a premium profile on itsmy.wedding.",Tier 1 - Premium
Sweet Housecakes Wayanad,Cake Shop,,918606188618.0,4.9,257.0,,,,none,,,98,195000,"You have 257 happy clients with a 4.9 rating, but no website! Let's showcase your work with a premium profile on itsmy.wedding.",Tier 1 - Premium
Rehash Henna Studio / MEHNDI Designer Kochi,Mehndi Designer,Kochi,917025018171.0,5.0,255.0,,,,none,,,100,195000,"You have 255 happy clients with a 5.0 rating, but no website! Let's showcase your work with a premium profile on itsmy.wedding.",Tier 1 - Premium
Party Minds,Caterer,Kozhikode,918129156544.0,4.8,255.0,,,,none,,,100,390000,"You have 255 happy clients with a 4.8 rating, but no website! Let's showcase your work with a premium profile on itsmy.wedding.",Tier 1 - Premium
Labelle Salon,Beauty Parlour,Palakkad,917591999911.0,4.7,247.0,,,,none,,,98,195000,"You have 247 happy clients with a 4.7 rating, but no website! Let's showcase your work with a premium profile on itsmy.wedding.",Tier 1 - Premium
Classic Touch Makeover Studio And Ladies Salon,Beauty Parlour,Thiruvananthapuram,919562679000.0,4.9,247.0,,https://www.instagram.com/classic_touch_by_ash/,,social_only,,,90,195000,"You have 247 happy clients with a 4.9 rating, but no website! Let's showcase your work with a premium profile on itsmy.wedding.",Tier 1 - Premium
"Jo & Jay Cake House,kumbazha",Takeout Restaurant,Pathanamthitta,919497751912.0,4.9,243.0,,,,none,,,98,195000,"You have 243 happy clients with a 4.9 rating, but no website! Let's showcase your work with a premium profile on itsmy.wedding.",Tier 1 - Premium
The Brahmins Veg Caters,Caterer,Kozhikode,919447951214.0,4.8,242.0,,,,none,,,100,390000,"You have 242 happy clients with a 4.8 rating, but no website! Let's showcase your work with a premium profile on itsmy.wedding.",Tier 1 - Premium
Meghana Beauty Parlour,Beauty Parlour,Nedumkandam,919447824756.0,4.8,242.0,,,,none,,,98,195000,"You have 242 happy clients with a 4.8 rating, but no website! Let's showcase your work with a premium profile on itsmy.wedding.",Tier 1 - Premium
Hollywood Beauty Salon And Makeup Studio,Beauty Parlour,Palakkad,919961470907.0,5.0,241.0,,,,none,,,98,195000,"You have 241 happy clients with a 5.0 rating, but no website! Let's showcase your work with a premium profile on itsmy.wedding.",Tier 1 - Premium
BLUSH AND GLOW BRIDAL STUDIO MANJERI,Bridal Shop,Manjeri,917559877778.0,4.8,240.0,,https://instagram.com/bridal_rental_collections_?igshid=MDM4ZDc5MmU%3D,,social_only,,,88,195000,"You have 240 happy clients with a 4.8 rating, but no website! Let's showcase your work with a premium profile on itsmy.wedding.",Tier 1 - Premium
EVENTSOUL Event Management And Catering - Trivandrum - No.1 Trusted Brand,Event Management Company,Thiruvananthapuram,919746577566.0,5.0,240.0,,https://www.instagram.com/eventzsoul.tvm?igsh=MTIzOTlnYjNkZTQycw%3D%3D,,social_only,,,90,1560000,"You have 240 happy clients with a 5.0 rating, but no website! Let's showcase your work with a premium profile on itsmy.wedding.",Tier 1 - Premium
Touched Beauty Salon & Bridal Studio,Beauty Parlour,Kozhikode,918606252811.0,4.7,239.0,,https://instagram.com/touched_salon_?igshid=YmMyMTA2M2Y%3D,,social_only,,,90,195000,"You have 239 happy clients with a 4.7 rating, but no website! Let's showcase your work with a premium profile on itsmy.wedding.",Tier 1 - Premium
Achoos Beauty Parlour,Beauty Parlour,Kannur,918281359906.0,5.0,239.0,,,,none,,,98,195000,"You have 239 happy clients with a 5.0 rating, but no website! Let's showcase your work with a premium profile on itsmy.wedding.",Tier 1 - Premium
Soorya Catering (pure Vegetarian),Caterer,Thiruvananthapuram,919947452733.0,4.9,233.0,,,,none,,,100,390000,"You have 233 happy clients with a 4.9 rating, but no website! Let's showcase your work with a premium profile on itsmy.wedding.",Tier 1 - Premium
Sefora Beauty Lounge,Beauty Parlour,Pandalam,919446180441.0,4.7,227.0,,,,none,,,98,195000,"You have 227 happy clients with a 4.7 rating, but no website! Let's showcase your work with a premium profile on itsmy.wedding.",Tier 1 - Premium
Subhaghosh Beauty Academy,Beauty School,Kochi,919846252514.0,4.7,225.0,,,,none,,,100,195000,"You have 225 happy clients with a 4.7 rating, but no website! Let's showcase your work with a premium profile on itsmy.wedding.",Tier 1 - Premium
Shamy's Newlook Beauty Spa & Makeup Studio,Beauty Parlour,Thrissur,919447380778.0,4.8,224.0,,,,none,,,100,195000,"You have 224 happy clients with a 4.8 rating, but no website! Let's showcase your work with a premium profile on itsmy.wedding.",Tier 1 - Premium
Lillium Bridals¬Æ Beautyparlour &makeup Studio,Beauty Parlour,Kalpetta,919605288743.0,4.7,222.0,,,,none,,,98,195000,"You have 222 happy clients with a 4.7 rating, but no website! Let's showcase your work with a premium profile on itsmy.wedding.",Tier 1 - Premium
BOB D JOHN,Beauty Parlour,Kollam,917559999401.0,4.7,220.0,,,,none,,,98,195000,"You have 220 happy clients with a 4.7 rating, but no website! Let's showcase your work with a premium profile on itsmy.wedding.",Tier 1 - Premium
Glamac Makeover Studio,Beauty Parlour,Kochi,917306283916.0,4.8,220.0,,https://www.instagram.com/glamac.in?igsh=NzU2Yzk1amQ0MWlv,,social_only,,,90,195000,"You have 220 happy clients with a 4.8 rating, but no website! Let's showcase your work with a premium profile on itsmy.wedding.",Tier 1 - Premium
"NIBZ Unisex Beauty Salon, Punkunnam Thrissur",Beauty Parlour,Thrissur,917356222151.0,5.0,219.0,,https://www.instagram.com/nibz_signaturesalon/profilecard/?igsh=MTduNWgxZjZuM2FyMQ%3D%3D,,social_only,,,90,195000,"You have 219 happy clients with a 5.0 rating, but no website! Let's showcase your work with a premium profile on itsmy.wedding.",Tier 1 - Premium
Soundharya Beauty Care Pandalam,Beauty Parlour,Pandalam,919947121093.0,4.9,219.0,,,,none,,,98,195000,"You have 219 happy clients with a 4.9 rating, but no website! Let's showcase your work with a premium profile on itsmy.wedding.",Tier 1 - Premium
Kannampallil Dream11 Caterers & Events,Caterer,Mannar,917560868916.0,5.0,219.0,,,,none,,,98,390000,"You have 219 happy clients with a 5.0 rating, but no website! Let's showcase your work with a premium profile on itsmy.wedding.",Tier 1 - Premium
Lulu Beauty Parlour,Beauty Parlour,Thrissur,918590421521.0,4.7,218.0,,,,none,,,100,195000,"You have 218 happy clients with a 4.7 rating, but no website! Let's showcase your work with a premium profile on itsmy.wedding.",Tier 1 - Premium
"Neha Beauty Parlour (A/C), Ladies And Kids",Beauty Parlour,,918848933937.0,4.7,218.0,,,,none,,,98,195000,"You have 218 happy clients with a 4.7 rating, but no website! Let's showcase your work with a premium profile on itsmy.wedding.",Tier 1 - Premium
Wedlock Events & Caterers,Event Management Company,Kollam,919495821111.0,5.0,217.0,,,,none,,,98,1560000,"You have 217 happy clients with a 5.0 rating, but no website! Let's showcase your work with a premium profile on itsmy.wedding.",Tier 1 - Premium
Achus Bridal Villa,Store,Muvattupuzha,919447820476.0,4.7,216.0,,,,none,,,98,195000,"You have 216 happy clients with a 4.7 rating, but no website! Let's showcase your work with a premium profile on itsmy.wedding.",Tier 1 - Premium
Vibe Events & Weddings,Wedding Planner,Ernakulam,919846216888.0,4.9,215.0,,,,none,,,98,1950000,"You have 215 happy clients with a 4.9 rating, but no website! Let's showcase your work with a premium profile on itsmy.wedding.",Tier 1 - Premium
Floral Wedding Stage Decoration & Event Planner,Event Planner,Kochi,918907006655.0,4.9,214.0,,,,none,,,100,1950000,"You have 214 happy clients with a 4.9 rating, but no website! Let's showcase your work with a premium profile on itsmy.wedding.",Tier 1 - Premium
Ikof Event Designers,Event Management Company,Kadirur,919496351677.0,4.8,214.0,,https://www.instagram.com/p/CU2soibPM48/,,social_only,,,88,1560000,"You have 214 happy clients with a 4.8 rating, but no website! Let's showcase your work with a premium profile on itsmy.wedding.",Tier 1 - Premium
Remikas Makeover,Beauty Parlour,Thrissur,917025746886.0,4.9,213.0,,,,none,,,100,195000,"You have 213 happy clients with a 4.9 rating, but no website! Let's showcase your work with a premium profile on itsmy.wedding.",Tier 1 - Premium
Rao's SQUARE - Mini Hall (A/C),Wedding Venue,Thiruvananthapuram,917356528233.0,5.0,213.0,,,,none,,,100,1170000,"You have 213 happy clients with a 5.0 rating, but no website! Let's showcase your work with a premium profile on itsmy.wedding.",Tier 1 - Premium
Kikki's Home Bake,Cake Shop,Pathanamthitta,919544625555.0,5.0,212.0,,,https://www.facebook.com/kikkishomebake/,social_only,,,88,195000,"You have 212 happy clients with a 5.0 rating, but no website! Let's showcase your work with a premium profile on itsmy.wedding.",Tier 1 - Premium
Oska Unisex Salon,Beauty Parlour,Thodupuzha,919744557556.0,4.9,211.0,,,,none,,,98,195000,"You have 211 happy clients with a 4.9 rating, but no website! Let's showcase your work with a premium profile on itsmy.wedding.",Tier 1 - Premium
Dewdrops Bridal Makeover Studio,Beauty Parlour,Thiruvananthapuram,919496254087.0,4.7,211.0,,,,none,,,100,195000,"You have 211 happy clients with a 4.7 rating, but no website! Let's showcase your work with a premium profile on itsmy.wedding.",Tier 1 - Premium
"Girls Corner Salon And Makeup , Nail Art , Beautician Academy",Make-up Artist,Palakkad,919995022888.0,5.0,211.0,,https://instagram.com/edveena_makeupartistry?igshid=NTdlMDg3MTY%3D,,social_only,,,88,195000,"You have 211 happy clients with a 5.0 rating, but no website! Let's showcase your work with a premium profile on itsmy.wedding.",Tier 1 - Premium
Beauty Combs Family Salon,Beauty Parlour,Thodupuzha,917907280763.0,4.9,209.0,,https://instagram.com/beauty_combs,,social_only,,,88,195000,"You have 209 happy clients with a 4.9 rating, but no website! Let's showcase your work with a premium profile on itsmy.wedding.",Tier 1 - Premium
Taste Of Malabar Caterers & Event Management Group,Catering Food And Drink Supplier,Kannur,916238599197.0,4.9,209.0,,,,none,,,98,195000,"You have 209 happy clients with a 4.9 rating, but no website! Let's showcase your work with a premium profile on itsmy.wedding.",Tier 1 - Premium
PARVATHY BEAUTY SALON & MAKEUP STUDIO,Beauty Parlour,Thiruvananthapuram,919645738174.0,4.7,208.0,,,,none,,,100,195000,"You have 208 happy clients with a 4.7 rating, but no website! Let's showcase your work with a premium profile on itsmy.wedding.",Tier 1 - Premium
LAS Beauty Parlour,Beauty Parlour,Near Puzhathi,917356210703.0,5.0,206.0,,,,none,,,98,195000,"You have 206 happy clients with a 5.0 rating, but no website! Let's showcase your work with a premium profile on itsmy.wedding.",Tier 1 - Premium
Waxwings Beauty Hub & Bridal Makeover Studio,Beauty Parlour,Kallambalam,917736092922.0,5.0,206.0,,,,none,,,98,195000,"You have 206 happy clients with a 5.0 rating, but no website! Let's showcase your work with a premium profile on itsmy.wedding.",Tier 1 - Premium
Mint Bridal Studio,Beauty Parlour,Ettumanoor,919544829586.0,4.7,204.0,,,,none,,,98,195000,"You have 204 happy clients with a 4.7 rating, but no website! Let's showcase your work with a premium profile on itsmy.wedding.",Tier 1 - Premium
BLUSH AND GLOW THE COMPLETE BRIDAL STUDIO - Best Bridal Rental Dresses In Wandoor,Bridal Shop,Wandoor,918592077778.0,4.8,204.0,,,,none,,,98,195000,"You have 204 happy clients with a 4.8 rating, but no website! Let's showcase your work with a premium profile on itsmy.wedding.",Tier 1 - Premium
LARRAA,Boutique,Thrissur,919544965773.0,4.8,204.0,,,,none,,,100,195000,"You have 204 happy clients with a 4.8 rating, but no website! Let's showcase your work with a premium profile on itsmy.wedding.",Tier 1 - Premium
Makeup Lounge By Eva Bella,Make-up Artist,Kozhikode,917306644284.0,4.8,204.0,,https://www.instagram.com/makeuplounge_by_evabella?igsh=d2kyaWFsODBodTQ5,,social_only,,,90,195000,"You have 204 happy clients with a 4.8 rating, but no website! Let's showcase your work with a premium profile on itsmy.wedding.",Tier 1 - Premium
LYRA'S MAKEOVER STUDIO AND BEAUTY PARLOUR,Beauty Parlour,Koduvayur,918281233991.0,4.9,203.0,,,,none,,,98,195000,"You have 203 happy clients with a 4.9 rating, but no website! Let's showcase your work with a premium profile on itsmy.wedding.",Tier 1 - Premium
"TONI&GUY | Nadakkavu, Calicut",Hairdresser,Kozhikode,919074264953.0,4.9,203.0,,https://www.instagram.com/toniandguynadakkavu/?hl=en,,social_only,,,90,195000,"You have 203 happy clients with a 4.9 rating, but no website! Let's showcase your work with a premium profile on itsmy.wedding.",Tier 1 - Premium
SR Caterers & Events Kollam Kerala,Event Management Company,Kundara,918129708947.0,4.9,200.0,,https://www.instagram.com/sr_caterers_events_kollam?igsh=b2hoeXA5NGhvcG1x,,social_only,,,88,1560000,"You have 200 happy clients with a 4.9 rating, but no website! Let's showcase your work with a premium profile on itsmy.wedding.",Tier 1 - Premium
LOOK LIKE BRIDAL STUDIO AND SPA,Beauty Parlour,Thrissur,919995186230.0,4.8,199.0,,,,none,,,95,146250,"You have 199 happy clients with a 4.8 rating, but no website! Let's showcase your work with a premium profile on itsmy.wedding.",Tier 1 - Premium
Eve Experience Events & Wedding Planner | Kerala,Event Management Company,Kollam,918943696406.0,5.0,199.0,,http://www.instagram.com/eveexperience,,social_only,,,83,1170000,"You have 199 happy clients with a 5.0 rating, but no website! Let's showcase your work with a premium profile on itsmy.wedding.",Tier 1 - Premium
"HAIR 2 FACE, Bridal Makeup, Hair Care, Skin Care, Makeovers, Hair Treatment",Beauty Parlour,Thiruvananthapuram,918075924362.0,4.9,198.0,,,,none,,,95,146250,"You have 198 happy clients with a 4.9 rating, but no website! Let's showcase your work with a premium profile on itsmy.wedding.",Tier 1 - Premium
U & Me Beauty Clinic,Beauty Parlour,Thiruvananthapuram,919496474136.0,4.7,198.0,,,,none,,,95,146250,"You have 198 happy clients with a 4.7 rating, but no website! Let's showcase your work with a premium profile on itsmy.wedding.",Tier 1 - Premium
Le Cute Bridal Makeup Studio & Beauty Parlour | Wedding Makeup,Beauty Parlour,Thiruvambady,919645233131.0,4.9,196.0,,https://www.instagram.com/lecute_bridal_makeup,,social_only,,,83,146250,"You have 196 happy clients with a 4.9 rating, but no website! Let's showcase your work with a premium profile on itsmy.wedding.",Tier 1 - Premium
Colours Photography,Wedding Photographer,Kannur,918281000007.0,4.9,195.0,,,,none,,,93,438750,"You have 195 happy clients with a 4.9 rating, but no website! Let's showcase your work with a premium profile on itsmy.wedding.",Tier 1 - Premium
Flower Decorations,Flower Designer,Kochi,919061370808.0,4.8,193.0,,,,none,,,95,146250,"You have 193 happy clients with a 4.8 rating, but no website! Let's showcase your work with a premium profile on itsmy.wedding.",Tier 1 - Premium
La Mac Bridal Studio And Beauty Parlour,Beauty Parlour,Thiruvambady,919539204713.0,5.0,193.0,,,,none,,,93,146250,"You have 193 happy clients with a 5.0 rating, but no website! Let's showcase your work with a premium profile on itsmy.wedding.",Tier 1 - Premium
CKV,Caterer,Palakkad,919633298987.0,4.9,191.0,,,,none,,,93,292500,"You have 191 happy clients with a 4.9 rating, but no website! Let's showcase your work with a premium profile on itsmy.wedding.",Tier 1 - Premium
NAYURA Makeup Studio & Spa,Beauty Parlour,Thiruvananthapuram,919633236649.0,4.8,191.0,,,,none,,,95,146250,"You have 191 happy clients with a 4.8 rating, but no website! Let's showcase your work with a premium profile on itsmy.wedding.",Tier 1 - Premium
Wella Ladies Beauty Parlour,Beauty Parlour,Kasaragod,916361820613.0,4.7,190.0,,,,none,,,93,146250,"You have 190 happy clients with a 4.7 rating, but no website! Let's showcase your work with a premium profile on itsmy.wedding.",Tier 1 - Premium
Eventive Wedding Planners & Event Management,Event Management Company,Kozhikode,919746616155.0,5.0,190.0,,,,none,,,95,1170000,"You have 190 happy clients with a 5.0 rating, but no website! Let's showcase your work with a premium profile on itsmy.wedding.",Tier 1 - Premium
Toni&guy Calicut Mini-bypass,Hairdresser,Kozhikode,917907508090.0,4.8,188.0,,,,none,,,95,146250,"You have 188 happy clients with a 4.8 rating, but no website! Let's showcase your work with a premium profile on itsmy.wedding.",Tier 1 - Premium
NEW SAGAR EVENT MANAGEMENT,Event Planner,Thalassery,919497610786.0,4.8,187.0,,,,none,,,93,1462500,"You have 187 happy clients with a 4.8 rating, but no website! Let's showcase your work with a premium profile on itsmy.wedding.",Tier 1 - Premium
Vikas Vks Kerala Makeup Artist,Make-up Artist,Kochi,919995791191.0,4.9,187.0,,,,none,,,95,146250,"You have 187 happy clients with a 4.9 rating, but no website! Let's showcase your work with a premium profile on itsmy.wedding.",Tier 1 - Premium
Dreams Beauty Parlour,Beauty Parlour,Thiruvananthapuram,919349737114.0,4.9,185.0,,,,none,,,95,146250,"You have 185 happy clients with a 4.9 rating, but no website! Let's showcase your work with a premium profile on itsmy.wedding.",Tier 1 - Premium
Calanthe Caterers And Events,Event Management Company,Alappuzha,917012904125.0,4.8,185.0,,,,none,,,93,1170000,"You have 185 happy clients with a 4.8 rating, but no website! Let's showcase your work with a premium profile on itsmy.wedding.",Tier 1 - Premium
"Kalidasa Tree House And Villa, Wayanad",,,917510963676.0,4.8,184.0,,,,none,,,93,146250,"You have 184 happy clients with a 4.8 rating, but no website! Let's showcase your work with a premium profile on itsmy.wedding.",Tier 1 - Premium
Laninas Bridal Makeover Studio,Beauty Parlour,Kochi,919349441675.0,4.9,184.0,,,,none,,,95,146250,"You have 184 happy clients with a 4.9 rating, but no website! Let's showcase your work with a premium profile on itsmy.wedding.",Tier 1 - Premium
Janvi Makeovers -makeup Artist In Kottayam,Make-up Artist,Kottayam,917907818241.0,4.9,182.0,,https://www.instagram.com/janvimakeovers__/?hl=en,,social_only,,,83,146250,"You have 182 happy clients with a 4.9 rating, but no website! Let's showcase your work with a premium profile on itsmy.wedding.",Tier 1 - Premium
NETTOS Catering,Caterer,Ernakulam,919995217164.0,4.7,182.0,,,,none,,,93,292500,"You have 182 happy clients with a 4.7 rating, but no website! Let's showcase your work with a premium profile on itsmy.wedding.",Tier 1 - Premium
HER GLOW BRIDAL RENTALS & COSMETICS,Bridal Shop,Manjeri,919656589091.0,4.8,182.0,,,,none,,,93,146250,"You have 182 happy clients with a 4.8 rating, but no website! Let's showcase your work with a premium profile on itsmy.wedding.",Tier 1 - Premium
WED.HUB EVENTZ & CATERS,Event Management Company,Thiruvananthapuram,918848809482.0,5.0,181.0,,,,none,,,95,1170000,"You have 181 happy clients with a 5.0 rating, but no website! Let's showcase your work with a premium profile on itsmy.wedding.",Tier 1 - Premium
Golden Frames Event Managment.llp,Event Management Company,Malappuram,918547157785.0,5.0,177.0,,https://www.instagram.com/goldenframesevents/,,social_only,,,83,1170000,"You have 177 happy clients with a 5.0 rating, but no website! Let's showcase your work with a premium profile on itsmy.wedding.",Tier 1 - Premium
Jez Beaute Professional,Beauty Parlour,Kollam,918714217565.0,4.8,177.0,,,https://www.facebook.com/profile.php?id=100088379775537&mibextid=ZbWKwL,social_only,,,83,146250,"You have 177 happy clients with a 4.8 rating, but no website! Let's showcase your work with a premium profile on itsmy.wedding.",Tier 1 - Premium
"Thilakkam Bridal Makeup Studio And Family Salon Kattappana,idukki",Beauty Parlour,Kattappana,919940194095.0,4.8,177.0,,,,none,,,93,146250,"You have 177 happy clients with a 4.8 rating, but no website! Let's showcase your work with a premium profile on itsmy.wedding.",Tier 1 - Premium
CHEENAS BEAUTY LOUNGE. SINCE 2004,Beauty Parlour,Varam,919847921492.0,5.0,176.0,,,,none,,,93,146250,"You have 176 happy clients with a 5.0 rating, but no website! Let's showcase your work with a premium profile on itsmy.wedding.",Tier 1 - Premium
The Cake Garden,Bakery And Cake Shop,Alappuzha,916238976940.0,4.8,175.0,,,,none,,,93,146250,"You have 175 happy clients with a 4.8 rating, but no website! Let's showcase your work with a premium profile on itsmy.wedding.",Tier 1 - Premium
Bethsheba Makeup Studio,Beauty Parlour,Thiruvalla,919946393255.0,4.9,175.0,,,,none,,,93,146250,"You have 175 happy clients with a 4.9 rating, but no website! Let's showcase your work with a premium profile on itsmy.wedding.",Tier 1 - Premium
NAKSHATHRA BRIDAL STUDIO,Beauty Parlour,Thiruvananthapuram,919633890692.0,4.9,175.0,,,,none,,,95,146250,"You have 175 happy clients with a 4.9 rating, but no website! Let's showcase your work with a premium profile on itsmy.wedding.",Tier 1 - Premium
"Red Rose Ladies Salon, Kottakkal",Beauty Parlour,Kottakkal,919526511211.0,5.0,173.0,,,,none,,,93,146250,"You have 173 happy clients with a 5.0 rating, but no website! Let's showcase your work with a premium profile on itsmy.wedding.",Tier 1 - Premium
Beena's My Touch Beauty Salon,Beauty Parlour,Ernakulam,919249924994.0,4.7,173.0,,,,none,,,93,146250,"You have 173 happy clients with a 4.7 rating, but no website! Let's showcase your work with a premium profile on itsmy.wedding.",Tier 1 - Premium
Beauty&guy Wedding Salon,Beauty Parlour,Kanhangad,919847071201.0,4.8,170.0,,,,none,,,93,146250,"You have 170 happy clients with a 4.8 rating, but no website! Let's showcase your work with a premium profile on itsmy.wedding.",Tier 1 - Premium
Zelebrae Bridal Rental Shop Manjeri,Bridal Shop,Manjeri,918590369503.0,4.9,168.0,,https://www.instagram.com/zelebrae_bridal_rental_manjeri?igsh=NnhwNzJ4amNmMDF6,,social_only,,,83,146250,"You have 168 happy clients with a 4.9 rating, but no website! Let's showcase your work with a premium profile on itsmy.wedding.",Tier 1 - Premium
Equals Unisex Beauty Hub,Beauty Parlour,Vandanam,917994642626.0,4.8,167.0,,,,none,,,93,146250,"You have 167 happy clients with a 4.8 rating, but no website! Let's showcase your work with a premium profile on itsmy.wedding.",Tier 1 - Premium
Blue Cube Events,Event Management Company,Kozhikode,918089138717.0,4.9,166.0,,,,none,,,95,1170000,"You have 166 happy clients with a 4.9 rating, but no website! Let's showcase your work with a premium profile on itsmy.wedding.",Tier 1 - Premium
SUJANI SURESH MAKEUP ARTIST,Make-up Artist,Ernakulam,919095940284.0,4.9,166.0,,https://www.instagram.com/sujani_suresh.mua?igsh=MXc5Z2ZmdWw0NWlnag%3D%3D,,social_only,,,83,146250,"You have 166 happy clients with a 4.9 rating, but no website! Let's showcase your work with a premium profile on itsmy.wedding.",Tier 1 - Premium
Spicy Magic Catering And Events,Caterer,Muvattupuzha,919747172700.0,4.9,164.0,,,,none,,,93,292500,"You have 164 happy clients with a 4.9 rating, but no website! Let's showcase your work with a premium profile on itsmy.wedding.",Tier 1 - Premium
Bespoke Wedding Films,Wedding Photographer,Thiruvananthapuram,918593030095.0,4.8,164.0,,,https://www.facebook.com/bespokeweddingfilms/,social_only,,,85,438750,"You have 164 happy clients with a 4.8 rating, but no website! Let's showcase your work with a premium profile on itsmy.wedding.",Tier 1 - Premium
Femin Glow Bridal Makeovers & Beauty Parlour,Beauty Parlour,Thiruvananthapuram,917558847273.0,4.8,164.0,,,,none,,,95,146250,"You have 164 happy clients with a 4.8 rating, but no website! Let's showcase your work with a premium profile on itsmy.wedding.",Tier 1 - Premium
Event Hues,Event Management Company,Kochi,919778483334.0,4.9,161.0,,https://instagram.com/event_hues?igshid=YmMyMTA2M2Y%3D,,social_only,,,85,1170000,"You have 161 happy clients with a 4.9 rating, but no website! Let's showcase your work with a premium profile on itsmy.wedding.",Tier 1 - Premium
Nimisha‚Äôs Makeover Studio,Beauty Parlour,Kozhikode,919846602916.0,5.0,161.0,,https://www.instagram.com/nimisha_makeupartist?igsh=MzRIODBiNWFIZA%3D%3D,,social_only,,,85,146250,"You have 161 happy clients with a 5.0 rating, but no website! Let's showcase your work with a premium profile on itsmy.wedding.",Tier 1 - Premium
Le Blush Makeover By Meera,Make-up Artist,Alappuzha,917907803310.0,5.0,156.0,,,,none,,,93,146250,"You have 156 happy clients with a 5.0 rating, but no website! Let's showcase your work with a premium profile on itsmy.wedding.",Tier 1 - Premium
PRANAVAM EVENTS&CATERERS,Event Management Company,Chavara,919746595826.0,5.0,156.0,,,,none,,,93,1170000,"You have 156 happy clients with a 5.0 rating, but no website! Let's showcase your work with a premium profile on itsmy.wedding.",Tier 1 - Premium
KANNAKI The Makeover Studio,Beauty Parlour,Thiruvananthapuram,918921591741.0,4.7,155.0,,https://www.instagram.com/kannaki_themakeoverstudio?igsh=MTVobHJmOWpiNHk2aQ%3D%3D,,social_only,,,85,146250,"You have 155 happy clients with a 4.7 rating, but no website! Let's showcase your work with a premium profile on itsmy.wedding.",Tier 1 - Premium
Beauty Touch Tattoo Studio & Beauty Parlour,Tattoo Shop,Kottakkal,919946139724.0,4.9,155.0,,,,none,,,93,146250,"You have 155 happy clients with a 4.9 rating, but no website! Let's showcase your work with a premium profile on itsmy.wedding.",Tier 1 - Premium
Angel Wings Beaute And Spa Konni,Beauty Parlour,Konni,919544835375.0,4.9,153.0,,,,none,,,93,146250,"You have 153 happy clients with a 4.9 rating, but no website! Let's showcase your work with a premium profile on itsmy.wedding.",Tier 1 - Premium
Makeup By Rini Alex - MAKEUP ‚Ä¢ HAIR ‚Ä¢ BEAUTY Studio,Make-up Artist,Thiruvananthapuram,917356082203.0,4.7,153.0,,https://instagram.com/makeupbyrinialex/,,social_only,,,85,146250,"You have 153 happy clients with a 4.7 rating, but no website! Let's showcase your work with a premium profile on itsmy.wedding.",Tier 1 - Premium
Obsession ‚Äì The Beauty Lounge ‚Äì Bridal Makeover Studio,Beauty Parlour,Thiruvananthapuram,919745038030.0,4.9,152.0,,,,none,,,95,146250,"You have 152 happy clients with a 4.9 rating, but no website! Let's showcase your work with a premium profile on itsmy.wedding.",Tier 1 - Premium
Soundarya Beauty World,Beauty Parlour,Kannur,919847003376.0,4.8,152.0,,,,none,,,93,146250,"You have 152 happy clients with a 4.8 rating, but no website! Let's showcase your work with a premium profile on itsmy.wedding.",Tier 1 - Premium
DE PERFECT BEAUTY STUDIO,Beauty Parlour,Meenambalam,919995483343.0,4.8,152.0,,https://www.instagram.com/de__perfect/,,social_only,,,83,146250,"You have 152 happy clients with a 4.8 rating, but no website! Let's showcase your work with a premium profile on itsmy.wedding.",Tier 1 - Premium
Classic Touch Makeover Studio And Ladies Salon,Beauty Parlour,Thiruvananthapuram,919526579000.0,4.9,151.0,,https://www.instagram.com/classic_touch_vattiyoorkavu?igsh=Z2IzdDZta3F2bW03,,social_only,,,85,146250,"You have 151 happy clients with a 4.9 rating, but no website! Let's showcase your work with a premium profile on itsmy.wedding.",Tier 1 - Premium
Karma Caterers & Events,Caterer,Varapuzha,918089459358.0,5.0,150.0,,,,none,,,93,292500,"You have 150 happy clients with a 5.0 rating, but no website! Let's showcase your work with a premium profile on itsmy.wedding.",Tier 1 - Premium
