name,category,city,phone,rating,reviews_count,website,opportunity_score,estimated_ltv,recommended_pitch,tier
Jacob's Caterers & Events Pvt Ltd,Caterer,Thiruvananthapuram,919562468636.0,4.7,1492.0,,100,390000,"You have 1492 happy clients with a 4.7 rating, but no website! Let's showcase your work with a premium profile on itsmy.wedding",Tier 1 - Premium
Cochin Rahumania Caterers,Caterer,Thiruvananthapuram,919895344807.0,4.8,371.0,,100,390000,"You have 371 happy clients with a 4.8 rating, but no website! Let's showcase your work with a premium profile on itsmy.wedding",Tier 1 - Premium
Soorya Catering (pure Vegetarian),Caterer,Thiruvananthapuram,919947452733.0,4.9,233.0,,100,390000,"You have 233 happy clients with a 4.9 rating, but no website! Let's showcase your work with a premium profile on itsmy.wedding",Tier 1 - Premium
"Panache Hair Skin Makeup- Beauty Parlour Kochi, Bridal Makeup Kochi, Microblading Kochi, Hair Extensions Kochi",Beauty Parlour,Kochi,917558050777.0,4.6,523.0,,100,195000,"You have 523 happy clients with a 4.6 rating, but no website! Let's showcase your work with a premium profile on itsmy.wedding",Tier 1 - Premium
Collab Hair Makeup Studio,Beauty Parlour,Kozhikode,919961993029.0,4.7,472.0,,100,195000,"You have 472 happy clients with a 4.7 rating, but no website! Let's showcase your work with a premium profile on itsmy.wedding",Tier 1 - Premium
Etc Makeover Studio,Health Spa,Kozhikode,919048636503.0,5.0,262.0,,100,195000,"You have 262 happy clients with a 5.0 rating, but no website! Let's showcase your work with a premium profile on itsmy.wedding",Tier 1 - Premium
IMAC Institute Of Makeup & Cosmetology PVT.LTD,Training Center,Kozhikode,919387262626.0,4.8,607.0,,100,195000,"You have 607 happy clients with a 4.8 rating, but no website! Let's showcase your work with a premium profile on itsmy.wedding",Tier 1 - Premium
FLAUNT Styling Lounge & SPA,Beauty Parlour,Kochi,919526892929.0,4.5,1099.0,,100,195000,"You have 1099 happy clients with a 4.5 rating, but no website! Let's showcase your work with a premium profile on itsmy.wedding",Tier 1 - Premium
Dora Bridal And Beauty Salon,Beauty Parlour,Kozhikode,919895228228.0,4.7,295.0,,100,195000,"You have 295 happy clients with a 4.7 rating, but no website! Let's showcase your work with a premium profile on itsmy.wedding",Tier 1 - Premium
ADONIS BEAUTY LOUNGE,Beauty Parlour,Kozhikode,919895888157.0,4.9,676.0,,100,195000,"You have 676 happy clients with a 4.9 rating, but no website! Let's showcase your work with a premium profile on itsmy.wedding",Tier 1 - Premium
Urban Rituals | Unisex Salon | Fashion,Beauty Parlour,Kozhikode,918089001123.0,4.5,363.0,,100,195000,"You have 363 happy clients with a 4.5 rating, but no website! Let's showcase your work with a premium profile on itsmy.wedding",Tier 1 - Premium
Aadityaa Beauty Clinic And Bridal Make Up Studio,Beauty Parlour,Kozhikode,919656032406.0,4.7,382.0,,100,195000,"You have 382 happy clients with a 4.7 rating, but no website! Let's showcase your work with a premium profile on itsmy.wedding",Tier 1 - Premium
Belledonna,Beauty Parlour,Kozhikode,919846224871.0,5.0,896.0,,100,195000,"You have 896 happy clients with a 5.0 rating, but no website! Let's showcase your work with a premium profile on itsmy.wedding",Tier 1 - Premium
Swasti Saree Draping & Mehndi Studio,Stylist,Thiruvananthapuram,917012159920.0,4.9,337.0,,100,195000,"You have 337 happy clients with a 4.9 rating, but no website! Let's showcase your work with a premium profile on itsmy.wedding",Tier 1 - Premium
The Makeover Bridal & Designing Studio,Make-up Artist,Thiruvananthapuram,918086145731.0,4.9,716.0,,100,195000,"You have 716 happy clients with a 4.9 rating, but no website! Let's showcase your work with a premium profile on itsmy.wedding",Tier 1 - Premium
Stay In Style Family Salon|bride&groom Makeover Studio-trivandrum,Beauty Parlour,Thiruvananthapuram,919061687603.0,4.6,211.0,,100,195000,"You have 211 happy clients with a 4.6 rating, but no website! Let's showcase your work with a premium profile on itsmy.wedding",Tier 1 - Premium
Ayna Beauty Parlour,Beauty Parlour,Kochi,918848786460.0,4.8,453.0,,100,195000,"You have 453 happy clients with a 4.8 rating, but no website! Let's showcase your work with a premium profile on itsmy.wedding",Tier 1 - Premium
"Lechus Beauty Parlor,love Dale, Eranat Temple Road,palluruthy, Kochi-682006",Beauty Parlour,Kochi,919446092839.0,4.9,421.0,,100,195000,"You have 421 happy clients with a 4.9 rating, but no website! Let's showcase your work with a premium profile on itsmy.wedding",Tier 1 - Premium
Pink Makeovers Salon By Jaylaxmi,Beauty Parlour,Thiruvananthapuram,918891311383.0,4.7,275.0,,100,195000,"You have 275 happy clients with a 4.7 rating, but no website! Let's showcase your work with a premium profile on itsmy.wedding",Tier 1 - Premium
GOLDEN CUP BRIDAL RENTAL JEWELLERY THRISSUR,Bridal Shop,Thrissur,917994323998.0,4.9,394.0,,100,195000,"You have 394 happy clients with a 4.9 rating, but no website! Let's showcase your work with a premium profile on itsmy.wedding",Tier 1 - Premium
Mayfair Ladies Salon Wellness & Spa/bridal Makeup,Beauty Parlour,Thiruvananthapuram,917356067466.0,4.8,1083.0,,100,195000,"You have 1083 happy clients with a 4.8 rating, but no website! Let's showcase your work with a premium profile on itsmy.wedding",Tier 1 - Premium
Dewdrops Bridal Makeover Studio,Beauty Parlour,Thiruvananthapuram,919496254087.0,4.7,211.0,,100,195000,"You have 211 happy clients with a 4.7 rating, but no website! Let's showcase your work with a premium profile on itsmy.wedding",Tier 1 - Premium
Lavandis Convention Centre,Convention Center,Kozhikode,917510555111.0,4.5,589.0,,100,195000,"You have 589 happy clients with a 4.5 rating, but no website! Let's showcase your work with a premium profile on itsmy.wedding",Tier 1 - Premium
Blush Women Salon,Beauty Parlour,Kozhikode,916235862229.0,4.8,275.0,,100,195000,"You have 275 happy clients with a 4.8 rating, but no website! Let's showcase your work with a premium profile on itsmy.wedding",Tier 1 - Premium
Subhaghosh Beauty Academy,Beauty School,Kochi,919846252514.0,4.7,225.0,,100,195000,"You have 225 happy clients with a 4.7 rating, but no website! Let's showcase your work with a premium profile on itsmy.wedding",Tier 1 - Premium
Rehash Henna Studio / MEHNDI Designer Kochi,Mehndi Designer,Kochi,917025018171.0,5.0,255.0,,100,195000,"You have 255 happy clients with a 5.0 rating, but no website! Let's showcase your work with a premium profile on itsmy.wedding",Tier 1 - Premium
OLE Beauty Parlour - Best Beauty Salon | Calicut,Beauty Parlour,Kozhikode,919447030587.0,4.5,228.0,,100,195000,"You have 228 happy clients with a 4.5 rating, but no website! Let's showcase your work with a premium profile on itsmy.wedding",Tier 1 - Premium
Rans Beauty Salon And Bridal Makeover Studio,Beauty Parlour,Kochi,914844012220.0,4.9,539.0,,100,195000,"You have 539 happy clients with a 4.9 rating, but no website! Let's showcase your work with a premium profile on itsmy.wedding",Tier 1 - Premium
Naturals,Beauty Parlour,Thrissur,917592002200.0,4.7,2946.0,,100,195000,"You have 2946 happy clients with a 4.7 rating, but no website! Let's showcase your work with a premium profile on itsmy.wedding",Tier 1 - Premium
Hippie Nation Unisex Salon,Beauty Parlour,Thrissur,918139888823.0,4.7,282.0,,100,195000,"You have 282 happy clients with a 4.7 rating, but no website! Let's showcase your work with a premium profile on itsmy.wedding",Tier 1 - Premium
LARRAA,Boutique,Thrissur,919544965773.0,4.8,204.0,,100,195000,"You have 204 happy clients with a 4.8 rating, but no website! Let's showcase your work with a premium profile on itsmy.wedding",Tier 1 - Premium
Elista Hair. Skin. Spa,Wellness Center,Thrissur,919072232223.0,4.5,247.0,,100,195000,"You have 247 happy clients with a 4.5 rating, but no website! Let's showcase your work with a premium profile on itsmy.wedding",Tier 1 - Premium
City Collections Thrissur | Cosmetics | Salon Furniture | Salon Equipment,Beauty Products Wholesaler,Thrissur,919605351230.0,4.9,495.0,,100,195000,"You have 495 happy clients with a 4.9 rating, but no website! Let's showcase your work with a premium profile on itsmy.wedding",Tier 1 - Premium
Lulu Beauty Parlour,Beauty Parlour,Thrissur,918590421521.0,4.7,218.0,,100,195000,"You have 218 happy clients with a 4.7 rating, but no website! Let's showcase your work with a premium profile on itsmy.wedding",Tier 1 - Premium
"FIA BRIDAL STUDIO, Ladies Beauty Parlour&bridal Make-up, In Thirssur, Poonkunnam. ‡¥´‡¥ø‡¥Ø ‡¥¨‡µç‡¥∞‡µà‡¥°‡µΩ ‡¥∏‡µç‡¥±‡µç‡¥±‡µÅ‡¥°‡¥ø‡¥Ø‡µã,",Beauty Parlour,Thrissur,919744468899.0,5.0,287.0,,100,195000,"You have 287 happy clients with a 5.0 rating, but no website! Let's showcase your work with a premium profile on itsmy.wedding",Tier 1 - Premium
Shali's Unisex Beauty Salon,Beauty Parlour,Thrissur,918590916445.0,4.8,273.0,,100,195000,"You have 273 happy clients with a 4.8 rating, but no website! Let's showcase your work with a premium profile on itsmy.wedding",Tier 1 - Premium
PARVATHY BEAUTY SALON & MAKEUP STUDIO,Beauty Parlour,Thiruvananthapuram,919645738174.0,4.7,208.0,,100,195000,"You have 208 happy clients with a 4.7 rating, but no website! Let's showcase your work with a premium profile on itsmy.wedding",Tier 1 - Premium
Tejaswi Beauty Care & Make Up Studio,Supermarket,Thiruvananthapuram,919586725274.0,4.9,547.0,,100,195000,"You have 547 happy clients with a 4.9 rating, but no website! Let's showcase your work with a premium profile on itsmy.wedding",Tier 1 - Premium
Femino Ferragamo Unisex Studio Saloon,Beauty Parlour,Thiruvananthapuram,918714815745.0,4.7,1116.0,,100,195000,"You have 1116 happy clients with a 4.7 rating, but no website! Let's showcase your work with a premium profile on itsmy.wedding",Tier 1 - Premium
Naturals,Beauty Parlour,Thrissur,917559011658.0,4.8,655.0,,100,195000,"You have 655 happy clients with a 4.8 rating, but no website! Let's showcase your work with a premium profile on itsmy.wedding",Tier 1 - Premium
Remikas Makeover,Beauty Parlour,Thrissur,917025746886.0,4.9,213.0,,100,195000,"You have 213 happy clients with a 4.9 rating, but no website! Let's showcase your work with a premium profile on itsmy.wedding",Tier 1 - Premium
Shamy's Newlook Beauty Spa & Makeup Studio,Beauty Parlour,Thrissur,919447380778.0,4.8,224.0,,100,195000,"You have 224 happy clients with a 4.8 rating, but no website! Let's showcase your work with a premium profile on itsmy.wedding",Tier 1 - Premium
Yellow Paris Make Over & Makeup Studio,Make-up Artist,Thrissur,918606320632.0,4.7,277.0,,100,195000,"You have 277 happy clients with a 4.7 rating, but no website! Let's showcase your work with a premium profile on itsmy.wedding",Tier 1 - Premium
Sruthi Lakshmi‚Äôs Beauty Zone,Beauty Parlour,Thrissur,918921584399.0,4.7,274.0,,100,195000,"You have 274 happy clients with a 4.7 rating, but no website! Let's showcase your work with a premium profile on itsmy.wedding",Tier 1 - Premium
Tres Beau By Aadharsh,Beauty Parlour,Thrissur,916238662847.0,4.9,852.0,,100,195000,"You have 852 happy clients with a 4.9 rating, but no website! Let's showcase your work with a premium profile on itsmy.wedding",Tier 1 - Premium
Rao's SQUARE - Mini Hall (A/C),Wedding Venue,Thiruvananthapuram,917356528233.0,5.0,213.0,,100,1170000,"You have 213 happy clients with a 5.0 rating, but no website! Let's showcase your work with a premium profile on itsmy.wedding",Tier 1 - Premium
Josettan's CINEMA COMPANY RESTAURANT & CATERERS,Restaurant,Thrissur,919061438882.0,4.5,5574.0,,100,195000,"You have 5574 happy clients with a 4.5 rating, but no website! Let's showcase your work with a premium profile on itsmy.wedding",Tier 1 - Premium
Durbar Hall Ground,Event Venue,Kochi,914712321132.0,4.5,6829.0,,100,195000,"You have 6829 happy clients with a 4.5 rating, but no website! Let's showcase your work with a premium profile on itsmy.wedding",Tier 1 - Premium
Vallakkadavu Convention Centre,Convention Center,Thiruvananthapuram,914712082222.0,4.5,343.0,,100,195000,"You have 343 happy clients with a 4.5 rating, but no website! Let's showcase your work with a premium profile on itsmy.wedding",Tier 1 - Premium
Pride Kitchen Caterers & Events,Catering Food And Drink Supplier,Thrissur,918138002333.0,4.9,378.0,,100,195000,"You have 378 happy clients with a 4.9 rating, but no website! Let's showcase your work with a premium profile on itsmy.wedding",Tier 1 - Premium
Party Minds,Caterer,Kozhikode,918129156544.0,4.8,255.0,,100,390000,"You have 255 happy clients with a 4.8 rating, but no website! Let's showcase your work with a premium profile on itsmy.wedding",Tier 1 - Premium
The Brahmins Veg Caters,Caterer,Kozhikode,919447951214.0,4.8,242.0,,100,390000,"You have 242 happy clients with a 4.8 rating, but no website! Let's showcase your work with a premium profile on itsmy.wedding",Tier 1 - Premium
Foodwey Caterers,Caterer,Kozhikode,918589801000.0,4.8,1712.0,,100,390000,"You have 1712 happy clients with a 4.8 rating, but no website! Let's showcase your work with a premium profile on itsmy.wedding",Tier 1 - Premium
Wedding Charms Bridal Jewellery Rentals,Jewelry Store,Thrissur,919567896663.0,4.8,293.0,,100,195000,"You have 293 happy clients with a 4.8 rating, but no website! Let's showcase your work with a premium profile on itsmy.wedding",Tier 1 - Premium
GOLDEN CUP BRIDAL RENTAL JEWELLERY CALICUT,Bridal Shop,Kozhikode,917558093998.0,4.8,408.0,,100,195000,"You have 408 happy clients with a 4.8 rating, but no website! Let's showcase your work with a premium profile on itsmy.wedding",Tier 1 - Premium
Floral Wedding Stage Decoration & Event Planner,Event Planner,Kochi,918907006655.0,4.9,214.0,,100,1950000,"You have 214 happy clients with a 4.9 rating, but no website! Let's showcase your work with a premium profile on itsmy.wedding",Tier 1 - Premium
‡¥ö‡¥ø‡¥®‡µç‡¥§‡¥æ‡¥Æ‡¥£‡¥ø ‡¥ï‡¥≤‡µç‡¥Ø‡¥æ‡¥£‡¥ï‡µç‡¥ï‡¥§‡µç‡¥§‡µÅ‡¥ï‡µæ Chinthaamani Wedding Cards,Invitation Printing Service,Thiruvananthapuram,919895078041.0,4.7,339.0,,100,195000,"You have 339 happy clients with a 4.7 rating, but no website! Let's showcase your work with a premium profile on itsmy.wedding",Tier 1 - Premium
Magnet Family Salon,Beauty Parlour,Kannur,917012838193.0,4.8,377.0,,98,195000,"You have 377 happy clients with a 4.8 rating, but no website! Let's showcase your work with a premium profile on itsmy.wedding",Tier 1 - Premium
Popular Event Management | Catering & Stage Decoration Kollam And Kottarakara,Event Management Company,Kollam,919526041701.0,4.8,798.0,,98,1560000,"You have 798 happy clients with a 4.8 rating, but no website! Let's showcase your work with a premium profile on itsmy.wedding",Tier 1 - Premium
Achoos Beauty Parlour,Beauty Parlour,Kannur,918281359906.0,5.0,239.0,,98,195000,"You have 239 happy clients with a 5.0 rating, but no website! Let's showcase your work with a premium profile on itsmy.wedding",Tier 1 - Premium
Holidays Garden Resort,,,917034208484.0,4.8,276.0,,98,195000,"You have 276 happy clients with a 4.8 rating, but no website! Let's showcase your work with a premium profile on itsmy.wedding",Tier 1 - Premium
Taste Of Malabar Caterers & Event Management Group,Catering Food And Drink Supplier,Kannur,916238599197.0,4.9,209.0,,98,195000,"You have 209 happy clients with a 4.9 rating, but no website! Let's showcase your work with a premium profile on itsmy.wedding",Tier 1 - Premium
Rio Convention Centre,Convention Center,Manjeri,919207034535.0,4.6,231.0,,98,195000,"You have 231 happy clients with a 4.6 rating, but no website! Let's showcase your work with a premium profile on itsmy.wedding",Tier 1 - Premium
WHITE ROSE EVENTS MANKADA,Event Management Company,Perinthalmanna,918943715555.0,4.8,546.0,,98,1560000,"You have 546 happy clients with a 4.8 rating, but no website! Let's showcase your work with a premium profile on itsmy.wedding",Tier 1 - Premium
"Ziah Bridal Makeover-bridal Makeup Ernakulam, Bridal Makeup Kochi, Bridal Makeup Tripunithura, Freelance Makeup Artist Kochi",Make-up Artist,Ernakulam,919447668473.0,5.0,407.0,,98,195000,"You have 407 happy clients with a 5.0 rating, but no website! Let's showcase your work with a premium profile on itsmy.wedding",Tier 1 - Premium
Sweet Housecakes Wayanad,Cake Shop,,918606188618.0,4.9,257.0,,98,195000,"You have 257 happy clients with a 4.9 rating, but no website! Let's showcase your work with a premium profile on itsmy.wedding",Tier 1 - Premium
MAHARANI SILKS,Clothing Store,Kalpetta,914936202000.0,4.9,2076.0,,98,195000,"You have 2076 happy clients with a 4.9 rating, but no website! Let's showcase your work with a premium profile on itsmy.wedding",Tier 1 - Premium
"Jo & Jay Cake House,kumbazha",Takeout Restaurant,Pathanamthitta,919497751912.0,4.9,243.0,,98,195000,"You have 243 happy clients with a 4.9 rating, but no website! Let's showcase your work with a premium profile on itsmy.wedding",Tier 1 - Premium
ORANGE WEDDING STORE,Clothing Store,Pathanamthitta,919895799201.0,4.7,1147.0,,98,195000,"You have 1147 happy clients with a 4.7 rating, but no website! Let's showcase your work with a premium profile on itsmy.wedding",Tier 1 - Premium
Bhanu Kalaivani Wedding Make-up Studio Kerala India,Make-up Artist,Ernakulam,919497444473.0,5.0,430.0,,98,195000,"You have 430 happy clients with a 5.0 rating, but no website! Let's showcase your work with a premium profile on itsmy.wedding",Tier 1 - Premium
Toni & Guy Essensuals - Beauty | Hair | Nail | Makeup | Best Salon In Calicut,Beauty Parlour,G. A College P. O,917510474474.0,4.8,1577.0,,98,195000,"You have 1577 happy clients with a 4.8 rating, but no website! Let's showcase your work with a premium profile on itsmy.wedding",Tier 1 - Premium
Rock Paper Unisex Salon | Bride & Groom Wedding Makeover Studio Lekshminada,Beauty Parlour,Kollam,919895325333.0,4.6,511.0,,98,195000,"You have 511 happy clients with a 4.6 rating, but no website! Let's showcase your work with a premium profile on itsmy.wedding",Tier 1 - Premium
Dezert Hair And Beauty Salon,Beauty Parlour,Palathara,919745960111.0,4.7,1426.0,,98,195000,"You have 1426 happy clients with a 4.7 rating, but no website! Let's showcase your work with a premium profile on itsmy.wedding",Tier 1 - Premium
Wasava Cliff House,Event Venue,Kannur,919037386205.0,4.9,1379.0,,98,195000,"You have 1379 happy clients with a 4.9 rating, but no website! Let's showcase your work with a premium profile on itsmy.wedding",Tier 1 - Premium
Skin Sense Clinic,Dermatologist,Kannur,917356357776.0,4.7,684.0,,98,195000,"You have 684 happy clients with a 4.7 rating, but no website! Let's showcase your work with a premium profile on itsmy.wedding",Tier 1 - Premium
"Ashtamudi Wellness, Dental Care,bridal Makeup & Beauty Salon In Kottiyam,best Bridal Studio In Kottiyam",Beauty Parlour,Kottiyam,914742534411.0,4.7,1497.0,,98,195000,"You have 1497 happy clients with a 4.7 rating, but no website! Let's showcase your work with a premium profile on itsmy.wedding",Tier 1 - Premium
STYLX Gents Beauty Parlour,Beauty Parlour,Kollam,919633005033.0,5.0,5858.0,,98,195000,"You have 5858 happy clients with a 5.0 rating, but no website! Let's showcase your work with a premium profile on itsmy.wedding",Tier 1 - Premium
"AURA MAKEUP STUDIO KATTAPANA ( ‡¥ì‡¥±‡¥æ ‡¥Æ‡µá‡¥ï‡µç‡¥ï‡¥™‡µç‡¥™‡µç ‡¥∏‡µç‡¥±‡µç‡¥±‡µÅ‡¥°‡¥ø‡¥Ø‡µã, ‡¥ï‡¥ü‡µç‡¥ü‡¥™‡µç‡¥™‡¥® )",Beauty Parlour,Kattappana,919656745325.0,4.6,396.0,,98,195000,"You have 396 happy clients with a 4.6 rating, but no website! Let's showcase your work with a premium profile on itsmy.wedding",Tier 1 - Premium
Oska Unisex Salon,Beauty Parlour,Thodupuzha,919744557556.0,4.9,211.0,,98,195000,"You have 211 happy clients with a 4.9 rating, but no website! Let's showcase your work with a premium profile on itsmy.wedding",Tier 1 - Premium
D Salon,Beauty Parlour,Neriamangalam,917306149154.0,4.9,505.0,,98,195000,"You have 505 happy clients with a 4.9 rating, but no website! Let's showcase your work with a premium profile on itsmy.wedding",Tier 1 - Premium
Meghana Beauty Parlour,Beauty Parlour,Nedumkandam,919447824756.0,4.8,242.0,,98,195000,"You have 242 happy clients with a 4.8 rating, but no website! Let's showcase your work with a premium profile on itsmy.wedding",Tier 1 - Premium
Achus Bridal Villa,Store,Muvattupuzha,919447820476.0,4.7,216.0,,98,195000,"You have 216 happy clients with a 4.7 rating, but no website! Let's showcase your work with a premium profile on itsmy.wedding",Tier 1 - Premium
Dain's Bridal Studio,Beauty Parlour,Kothamangalam,918921122476.0,4.8,356.0,,98,195000,"You have 356 happy clients with a 4.8 rating, but no website! Let's showcase your work with a premium profile on itsmy.wedding",Tier 1 - Premium
Mint Bridal Studio,Beauty Parlour,Ettumanoor,919544829586.0,4.7,204.0,,98,195000,"You have 204 happy clients with a 4.7 rating, but no website! Let's showcase your work with a premium profile on itsmy.wedding",Tier 1 - Premium
Regal's Lovely Lady Beauty Parlour,Beauty Parlour,Kottakkal,919495885886.0,4.7,662.0,,98,195000,"You have 662 happy clients with a 4.7 rating, but no website! Let's showcase your work with a premium profile on itsmy.wedding",Tier 1 - Premium
"Essensuals Hairdressing By Toni&guy, Thodupuzha",Beauty Parlour,Thodupuzha,919562745060.0,4.6,1704.0,,98,195000,"You have 1704 happy clients with a 4.6 rating, but no website! Let's showcase your work with a premium profile on itsmy.wedding",Tier 1 - Premium
Heavenly Brides & Beauty (ladies Makeup Studio And Spa),Beauty Parlour,Erattupetta,918848710564.0,4.7,260.0,,98,195000,"You have 260 happy clients with a 4.7 rating, but no website! Let's showcase your work with a premium profile on itsmy.wedding",Tier 1 - Premium
"Essensuals Hairdressing By Toni&guy, Kattapana",Beauty Parlour,Kattappana,919074409074.0,4.7,381.0,,98,195000,"You have 381 happy clients with a 4.7 rating, but no website! Let's showcase your work with a premium profile on itsmy.wedding",Tier 1 - Premium
BLUSH AND GLOW THE COMPLETE BRIDAL STUDIO - Best Bridal Rental Dresses In Wandoor,Bridal Shop,Wandoor,918592077778.0,4.8,204.0,,98,195000,"You have 204 happy clients with a 4.8 rating, but no website! Let's showcase your work with a premium profile on itsmy.wedding",Tier 1 - Premium
Radhas Bridal Studio,Beauty Parlour,Manjeri,919744884497.0,4.9,986.0,,98,195000,"You have 986 happy clients with a 4.9 rating, but no website! Let's showcase your work with a premium profile on itsmy.wedding",Tier 1 - Premium
Le Belleza Unisex Salon,Beauty Parlour,Kollam,917907137741.0,4.8,881.0,,98,195000,"You have 881 happy clients with a 4.8 rating, but no website! Let's showcase your work with a premium profile on itsmy.wedding",Tier 1 - Premium
De Jawed Habib Hair And Beauty Salon Kollam,Beauty Parlour,Kollam,917994995373.0,4.5,208.0,,98,195000,"You have 208 happy clients with a 4.5 rating, but no website! Let's showcase your work with a premium profile on itsmy.wedding",Tier 1 - Premium
CHAMAYAM UNISEX SALON & MAKEOVER STUDIO,Beauty Parlour,Kallambalam,919747197235.0,4.8,638.0,,98,195000,"You have 638 happy clients with a 4.8 rating, but no website! Let's showcase your work with a premium profile on itsmy.wedding",Tier 1 - Premium
Clair Unisex Beauty Spa And Salon,Beauty Parlour,Pandalam,917909298948.0,4.8,1571.0,,98,195000,"You have 1571 happy clients with a 4.8 rating, but no website! Let's showcase your work with a premium profile on itsmy.wedding",Tier 1 - Premium
JOANDGUY BRIDAL MAKE-UP STUDIO & UNISEX FAMILY SALON,Beauty Parlour,Ranni,918848201892.0,4.7,809.0,,98,195000,"You have 809 happy clients with a 4.7 rating, but no website! Let's showcase your work with a premium profile on itsmy.wedding",Tier 1 - Premium
Catleen Beauty Parlour Palakkad,Beauty Parlour,Palakkad,919744764470.0,4.5,205.0,,98,195000,"You have 205 happy clients with a 4.5 rating, but no website! Let's showcase your work with a premium profile on itsmy.wedding",Tier 1 - Premium
"Neha Beauty Parlour (A/C), Ladies And Kids",Beauty Parlour,,918848933937.0,4.7,218.0,,98,195000,"You have 218 happy clients with a 4.7 rating, but no website! Let's showcase your work with a premium profile on itsmy.wedding",Tier 1 - Premium
Labelle Salon,Beauty Parlour,Palakkad,917591999911.0,4.7,247.0,,98,195000,"You have 247 happy clients with a 4.7 rating, but no website! Let's showcase your work with a premium profile on itsmy.wedding",Tier 1 - Premium
Hollywood Beauty Salon And Makeup Studio,Beauty Parlour,Palakkad,919961470907.0,5.0,241.0,,98,195000,"You have 241 happy clients with a 5.0 rating, but no website! Let's showcase your work with a premium profile on itsmy.wedding",Tier 1 - Premium
Nakshathra Beauty Parlour And Bridal Studio,Beauty Parlour,Palakkad,919447354732.0,4.8,1070.0,,98,195000,"You have 1070 happy clients with a 4.8 rating, but no website! Let's showcase your work with a premium profile on itsmy.wedding",Tier 1 - Premium
LYRA'S MAKEOVER STUDIO AND BEAUTY PARLOUR,Beauty Parlour,Koduvayur,918281233991.0,4.9,203.0,,98,195000,"You have 203 happy clients with a 4.9 rating, but no website! Let's showcase your work with a premium profile on itsmy.wedding",Tier 1 - Premium
Rose Petals Skin And Hair Beauty Parlour Varkala,Beauty Parlour,Varkala,917012463741.0,4.8,917.0,,98,195000,"You have 917 happy clients with a 4.8 rating, but no website! Let's showcase your work with a premium profile on itsmy.wedding",Tier 1 - Premium
Naturals,Beauty Parlour,Chavakkad,917592044400.0,4.8,943.0,,98,195000,"You have 943 happy clients with a 4.8 rating, but no website! Let's showcase your work with a premium profile on itsmy.wedding",Tier 1 - Premium
HS Mehndi Wedding Mall,Clothing Store,Chavakkad,914872500402.0,4.7,535.0,,98,195000,"You have 535 happy clients with a 4.7 rating, but no website! Let's showcase your work with a premium profile on itsmy.wedding",Tier 1 - Premium
CZARO,Beauty Parlour,Thaikkad,918089695393.0,4.8,594.0,,98,195000,"You have 594 happy clients with a 4.8 rating, but no website! Let's showcase your work with a premium profile on itsmy.wedding",Tier 1 - Premium
Shobitha Haircare & Bridal Makeup,Make-up Artist,Kanhangad,918075340778.0,4.9,280.0,,98,195000,"You have 280 happy clients with a 4.9 rating, but no website! Let's showcase your work with a premium profile on itsmy.wedding",Tier 1 - Premium
Glaze Makeup Studio And Beauty Salon,Make-up Artist,Kothamangalam,919495444308.0,4.8,444.0,,98,195000,"You have 444 happy clients with a 4.8 rating, but no website! Let's showcase your work with a premium profile on itsmy.wedding",Tier 1 - Premium
Reethi Beauty Salon And Bridal Makeup Studio,Beauty Parlour,Konni,919605381227.0,5.0,456.0,,98,195000,"You have 456 happy clients with a 5.0 rating, but no website! Let's showcase your work with a premium profile on itsmy.wedding",Tier 1 - Premium
Anitha's Angel Unisex Salon,Beauty Parlour,Pathanamthitta,919496241000.0,4.7,725.0,,98,195000,"You have 725 happy clients with a 4.7 rating, but no website! Let's showcase your work with a premium profile on itsmy.wedding",Tier 1 - Premium
COLOS The Designing Couture,Boutique,Thaikkad,918891979988.0,4.6,248.0,,98,195000,"You have 248 happy clients with a 4.6 rating, but no website! Let's showcase your work with a premium profile on itsmy.wedding",Tier 1 - Premium
IMAGECAFE Wedding&modeling,Wedding Photographer,,919995209144.0,5.0,291.0,,98,585000,"You have 291 happy clients with a 5.0 rating, but no website! Let's showcase your work with a premium profile on itsmy.wedding",Tier 1 - Premium
Kannampallil Dream11 Caterers & Events,Caterer,Mannar,917560868916.0,5.0,219.0,,98,390000,"You have 219 happy clients with a 5.0 rating, but no website! Let's showcase your work with a premium profile on itsmy.wedding",Tier 1 - Premium
Bethsheba Makeup Studio ( ‡¥¨‡µÜ‡¥§‡µç‡¥∑‡µá‡¥¨‡¥æ ‡¥Æ‡µá‡¥ï‡µç‡¥ï‡¥™‡µç‡¥™‡µç ‡¥∏‡µç‡¥±‡µç‡¥±‡µÅ‡¥°‡¥ø‡¥Ø‡µã ),Beauty Parlour,Mallappally,918848153139.0,4.9,661.0,,98,195000,"You have 661 happy clients with a 4.9 rating, but no website! Let's showcase your work with a premium profile on itsmy.wedding",Tier 1 - Premium
Blue Pink Family Salon &makeup Studio,Beauty Parlour,Pathanamthitta,918943270272.0,4.7,343.0,,98,195000,"You have 343 happy clients with a 4.7 rating, but no website! Let's showcase your work with a premium profile on itsmy.wedding",Tier 1 - Premium
Laksh Unisex Salon,Beauty Parlour,Kozhencherry,916282175286.0,4.7,504.0,,98,195000,"You have 504 happy clients with a 4.7 rating, but no website! Let's showcase your work with a premium profile on itsmy.wedding",Tier 1 - Premium
MEHNDI BRIDAL MAKEUP STUDIO,Beauty Parlour,Cherthala,919074103342.0,4.8,517.0,,98,195000,"You have 517 happy clients with a 4.8 rating, but no website! Let's showcase your work with a premium profile on itsmy.wedding",Tier 1 - Premium
TAIMA BRIDAL RENTAL JEWELLERY & WEDDING DRESS,Jewelry Store,Vandanam,919605088818.0,5.0,280.0,,98,195000,"You have 280 happy clients with a 5.0 rating, but no website! Let's showcase your work with a premium profile on itsmy.wedding",Tier 1 - Premium
Waxwings Beauty Hub & Bridal Makeover Studio,Beauty Parlour,Kallambalam,917736092922.0,5.0,206.0,,98,195000,"You have 206 happy clients with a 5.0 rating, but no website! Let's showcase your work with a premium profile on itsmy.wedding",Tier 1 - Premium
Vibe Events & Weddings,Wedding Planner,Ernakulam,919846216888.0,4.9,215.0,,98,1950000,"You have 215 happy clients with a 4.9 rating, but no website! Let's showcase your work with a premium profile on itsmy.wedding",Tier 1 - Premium
T J Sumith Photography,Wedding Photographer,Alappuzha,919446335274.0,4.9,341.0,,98,585000,"You have 341 happy clients with a 4.9 rating, but no website! Let's showcase your work with a premium profile on itsmy.wedding",Tier 1 - Premium
"Salon De R, Spa And Makeup",Beauty Parlour,Kollam,919633378666.0,4.7,1953.0,,98,195000,"You have 1953 happy clients with a 4.7 rating, but no website! Let's showcase your work with a premium profile on itsmy.wedding",Tier 1 - Premium
LASH Bridal & Family Beauty Salon,Beauty Parlour,Kottiyam,917559947405.0,4.9,331.0,,98,195000,"You have 331 happy clients with a 4.9 rating, but no website! Let's showcase your work with a premium profile on itsmy.wedding",Tier 1 - Premium
NATURALS Chandanathop,Beauty Parlour,Kollam,918547332644.0,4.7,268.0,,98,195000,"You have 268 happy clients with a 4.7 rating, but no website! Let's showcase your work with a premium profile on itsmy.wedding",Tier 1 - Premium
BEAUTY PLAZA,Beauty Parlour,Varkala,917034814468.0,4.9,341.0,,98,195000,"You have 341 happy clients with a 4.9 rating, but no website! Let's showcase your work with a premium profile on itsmy.wedding",Tier 1 - Premium
Art Hub Tattoos,Tattoo Shop,Varkala,919447326072.0,5.0,405.0,,98,195000,"You have 405 happy clients with a 5.0 rating, but no website! Let's showcase your work with a premium profile on itsmy.wedding",Tier 1 - Premium
BLUBY SIGNATURE SALON,Beauty Parlour,Palakkad,918086353353.0,4.7,499.0,,98,195000,"You have 499 happy clients with a 4.7 rating, but no website! Let's showcase your work with a premium profile on itsmy.wedding",Tier 1 - Premium
Hair & Care Spa Beauty Parlour,Beauty Parlour,,919847104344.0,4.9,263.0,,98,195000,"You have 263 happy clients with a 4.9 rating, but no website! Let's showcase your work with a premium profile on itsmy.wedding",Tier 1 - Premium
Era Makeovers Family Beauty Parlour Kottakkal,Beauty Parlour,Kottakkal,917025122122.0,4.8,411.0,,98,195000,"You have 411 happy clients with a 4.8 rating, but no website! Let's showcase your work with a premium profile on itsmy.wedding",Tier 1 - Premium
BOB D JOHN,Beauty Parlour,Kollam,917559999401.0,4.7,220.0,,98,195000,"You have 220 happy clients with a 4.7 rating, but no website! Let's showcase your work with a premium profile on itsmy.wedding",Tier 1 - Premium
Infinity Beauty Look,Beauty Parlour,Parippally,919207060698.0,4.7,317.0,,98,195000,"You have 317 happy clients with a 4.7 rating, but no website! Let's showcase your work with a premium profile on itsmy.wedding",Tier 1 - Premium
Promise Bride,Boutique,Changuvetty,918606546000.0,4.7,302.0,,98,195000,"You have 302 happy clients with a 4.7 rating, but no website! Let's showcase your work with a premium profile on itsmy.wedding",Tier 1 - Premium
Leo Women Hair & Beauty Salon,Beauty Parlour,Kottakkal,919388505045.0,4.9,261.0,,98,195000,"You have 261 happy clients with a 4.9 rating, but no website! Let's showcase your work with a premium profile on itsmy.wedding",Tier 1 - Premium
Dezert Makeover Studio Tirur,Beauty Parlour,Tirur,919645960111.0,4.8,831.0,,98,195000,"You have 831 happy clients with a 4.8 rating, but no website! Let's showcase your work with a premium profile on itsmy.wedding",Tier 1 - Premium
Glamfort The Gents Beauty Parlour & Family Salon,Beauty Parlour,,919744446868.0,4.6,269.0,,98,195000,"You have 269 happy clients with a 4.6 rating, but no website! Let's showcase your work with a premium profile on itsmy.wedding",Tier 1 - Premium
Pink Hair And Bridal Makeovers Studio,Beauty Parlour,Puthukkad,919567365875.0,4.9,639.0,,98,195000,"You have 639 happy clients with a 4.9 rating, but no website! Let's showcase your work with a premium profile on itsmy.wedding",Tier 1 - Premium
LAS Beauty Parlour,Beauty Parlour,Near Puzhathi,917356210703.0,5.0,206.0,,98,195000,"You have 206 happy clients with a 5.0 rating, but no website! Let's showcase your work with a premium profile on itsmy.wedding",Tier 1 - Premium
Scentral Professional Beauty Clinic,Beauty Parlour,Alappuzha,919946804004.0,4.7,341.0,,98,195000,"You have 341 happy clients with a 4.7 rating, but no website! Let's showcase your work with a premium profile on itsmy.wedding",Tier 1 - Premium
Wedlock Events & Caterers,Event Management Company,Kollam,919495821111.0,5.0,217.0,,98,1560000,"You have 217 happy clients with a 5.0 rating, but no website! Let's showcase your work with a premium profile on itsmy.wedding",Tier 1 - Premium
Event Management Company - Riya Events,Event Management Company,Kollam,919847410794.0,5.0,308.0,,98,1560000,"You have 308 happy clients with a 5.0 rating, but no website! Let's showcase your work with a premium profile on itsmy.wedding",Tier 1 - Premium
Inst-aura Mens Makeover Studio,Beauty Parlour,Guruvayur,918592004400.0,4.7,597.0,,98,195000,"You have 597 happy clients with a 4.7 rating, but no website! Let's showcase your work with a premium profile on itsmy.wedding",Tier 1 - Premium
Santhosham Weddings,Clothing Store,Kuthuparamba,917736766050.0,4.6,738.0,,98,195000,"You have 738 happy clients with a 4.6 rating, but no website! Let's showcase your work with a premium profile on itsmy.wedding",Tier 1 - Premium
Odine - The Outdoor Kitchen,Caterer,Malappuram,918089916765.0,4.7,264.0,,98,390000,"You have 264 happy clients with a 4.7 rating, but no website! Let's showcase your work with a premium profile on itsmy.wedding",Tier 1 - Premium
A To Z Events & Caters Thiruvanthapuram,Event Management Company,Malayinkeezh,918848780714.0,4.9,409.0,,98,1560000,"You have 409 happy clients with a 4.9 rating, but no website! Let's showcase your work with a premium profile on itsmy.wedding",Tier 1 - Premium
BE TO BE EVENTS,Event Management Company,Kattappana,919605091284.0,4.9,387.0,,98,1560000,"You have 387 happy clients with a 4.9 rating, but no website! Let's showcase your work with a premium profile on itsmy.wedding",Tier 1 - Premium
Haritha Beauty Parlour,Beauty Parlour,Muttom,918075065906.0,4.5,386.0,,98,195000,"You have 386 happy clients with a 4.5 rating, but no website! Let's showcase your work with a premium profile on itsmy.wedding",Tier 1 - Premium
Lillium Bridals¬Æ Beautyparlour &makeup Studio,Beauty Parlour,Kalpetta,919605288743.0,4.7,222.0,,98,195000,"You have 222 happy clients with a 4.7 rating, but no website! Let's showcase your work with a premium profile on itsmy.wedding",Tier 1 - Premium
Sefora Beauty Lounge,Beauty Parlour,Pandalam,919446180441.0,4.7,227.0,,98,195000,"You have 227 happy clients with a 4.7 rating, but no website! Let's showcase your work with a premium profile on itsmy.wedding",Tier 1 - Premium
OLEY Makeup Studio & Accademy,Beauty Parlour,Konni,919961508520.0,4.7,523.0,,98,195000,"You have 523 happy clients with a 4.7 rating, but no website! Let's showcase your work with a premium profile on itsmy.wedding",Tier 1 - Premium
Doyt House- Boutique & Salon,Beauty Parlour,Thiruvalla,919656207211.0,4.5,290.0,,98,195000,"You have 290 happy clients with a 4.5 rating, but no website! Let's showcase your work with a premium profile on itsmy.wedding",Tier 1 - Premium
ùêíùêÆùê¢ùê≠ùêõùêöùêû | ùêìùê°ùêû ùêèùê´ùêûùê¶ùê¢ùêÆùê¶ ùêíùêÆùê¢ùê≠ ùêëùêûùêßùê≠ùêöùê•ùê¨,Wedding Dress Rental Service,Kattappana,919961336914.0,4.9,471.0,,98,195000,"You have 471 happy clients with a 4.9 rating, but no website! Let's showcase your work with a premium profile on itsmy.wedding",Tier 1 - Premium
Akshay's Rent A Car,Car Rental Agency,Guruvayur,918592990699.0,4.9,381.0,,98,195000,"You have 381 happy clients with a 4.9 rating, but no website! Let's showcase your work with a premium profile on itsmy.wedding",Tier 1 - Premium
Soundharya Beauty Care Pandalam,Beauty Parlour,Pandalam,919947121093.0,4.9,219.0,,98,195000,"You have 219 happy clients with a 4.9 rating, but no website! Let's showcase your work with a premium profile on itsmy.wedding",Tier 1 - Premium
Olivia Beauty Parlour,Beauty Parlour,Edayaranmula,918590238017.0,4.8,269.0,,98,195000,"You have 269 happy clients with a 4.8 rating, but no website! Let's showcase your work with a premium profile on itsmy.wedding",Tier 1 - Premium
Femin Glow Bridal Makeovers & Beauty Parlour,Beauty Parlour,Thiruvananthapuram,917558847273.0,4.8,164.0,,95,146250,"You have 164 happy clients with a 4.8 rating, but no website! Let's showcase your work with a premium profile on itsmy.wedding",Tier 1 - Premium
U & Me Beauty Clinic,Beauty Parlour,Thiruvananthapuram,919496474136.0,4.7,198.0,,95,146250,"You have 198 happy clients with a 4.7 rating, but no website! Let's showcase your work with a premium profile on itsmy.wedding",Tier 1 - Premium
LIFE Beauty Salon & Bridal Makeup,Beauty Parlour,Thiruvananthapuram,919048072508.0,4.9,123.0,,95,146250,"You have 123 happy clients with a 4.9 rating, but no website! Let's showcase your work with a premium profile on itsmy.wedding",Tier 1 - Premium
Dreams Beauty Parlour,Beauty Parlour,Thiruvananthapuram,919349737114.0,4.9,185.0,,95,146250,"You have 185 happy clients with a 4.9 rating, but no website! Let's showcase your work with a premium profile on itsmy.wedding",Tier 1 - Premium
Mahi's Beauty Art,Beauty Parlour,Thrissur,918086796927.0,4.8,145.0,,95,146250,"You have 145 happy clients with a 4.8 rating, but no website! Let's showcase your work with a premium profile on itsmy.wedding",Tier 1 - Premium
WASI Hair & Beauty Studio,Beauty Parlour,Thrissur,918590204789.0,4.6,114.0,,95,146250,"You have 114 happy clients with a 4.6 rating, but no website! Let's showcase your work with a premium profile on itsmy.wedding",Tier 1 - Premium
"HAIR 2 FACE, Bridal Makeup, Hair Care, Skin Care, Makeovers, Hair Treatment",Beauty Parlour,Thiruvananthapuram,918075924362.0,4.9,198.0,,95,146250,"You have 198 happy clients with a 4.9 rating, but no website! Let's showcase your work with a premium profile on itsmy.wedding",Tier 1 - Premium
Vanvis Makeover Studio,Make-up Artist,Thiruvananthapuram,919544757790.0,5.0,133.0,,95,146250,"You have 133 happy clients with a 5.0 rating, but no website! Let's showcase your work with a premium profile on itsmy.wedding",Tier 1 - Premium
Makeover Salon,Beauty Parlour,Kochi,919895188922.0,4.5,132.0,,95,146250,"You have 132 happy clients with a 4.5 rating, but no website! Let's showcase your work with a premium profile on itsmy.wedding",Tier 1 - Premium
NAKSHATHRA BRIDAL STUDIO,Beauty Parlour,Thiruvananthapuram,919633890692.0,4.9,175.0,,95,146250,"You have 175 happy clients with a 4.9 rating, but no website! Let's showcase your work with a premium profile on itsmy.wedding",Tier 1 - Premium
Proyal Events & Caterers,Caterer,Thrissur,918943888916.0,4.5,118.0,,95,292500,"You have 118 happy clients with a 4.5 rating, but no website! Let's showcase your work with a premium profile on itsmy.wedding",Tier 1 - Premium
HIBISCAN BRIDAL BEAUTY LOUNGE & WELLNESS CENTER,Beauty Parlour,Kozhikode,917034609779.0,4.9,129.0,,95,146250,"You have 129 happy clients with a 4.9 rating, but no website! Let's showcase your work with a premium profile on itsmy.wedding",Tier 1 - Premium
Seena Image | Hair & Beauty Salon,Beauty Parlour,Kozhikode,919846605066.0,4.8,119.0,,95,146250,"You have 119 happy clients with a 4.8 rating, but no website! Let's showcase your work with a premium profile on itsmy.wedding",Tier 1 - Premium
"Angel Bridal Studio & Beauty Spa, Fort Kochi",Beauty Parlour,Kochi,919745641288.0,4.5,179.0,,95,146250,"You have 179 happy clients with a 4.5 rating, but no website! Let's showcase your work with a premium profile on itsmy.wedding",Tier 1 - Premium
Laninas Bridal Makeover Studio,Beauty Parlour,Kochi,919349441675.0,4.9,184.0,,95,146250,"You have 184 happy clients with a 4.9 rating, but no website! Let's showcase your work with a premium profile on itsmy.wedding",Tier 1 - Premium
Minna Beauty Clinic,Beauty Parlour,Kochi,919846567121.0,4.7,148.0,,95,146250,"You have 148 happy clients with a 4.7 rating, but no website! Let's showcase your work with a premium profile on itsmy.wedding",Tier 1 - Premium
Aksa's Makeover Beauty Academy,Make-up Artist,Kochi,918089273345.0,4.8,111.0,,95,146250,"You have 111 happy clients with a 4.8 rating, but no website! Let's showcase your work with a premium profile on itsmy.wedding",Tier 1 - Premium
Reena's Beauty Care - Beauty Parlour Palarivattom,Beauty Parlour,Kochi,919895876721.0,4.5,120.0,,95,146250,"You have 120 happy clients with a 4.5 rating, but no website! Let's showcase your work with a premium profile on itsmy.wedding",Tier 1 - Premium
"Libra Beauty Parlour Irumpanam - Beauty Parlour Tripunithura, Bridal Makeup Kochi, Bridal Makeup Tripunithura, Beauty Salon",Beauty Parlour,Kochi,919061622719.0,4.7,101.0,,95,146250,"You have 101 happy clients with a 4.7 rating, but no website! Let's showcase your work with a premium profile on itsmy.wedding",Tier 1 - Premium
Nich Beauty Lounge,Beauty Parlour,Kozhikode,916235211311.0,4.8,109.0,,95,146250,"You have 109 happy clients with a 4.8 rating, but no website! Let's showcase your work with a premium profile on itsmy.wedding",Tier 1 - Premium
The Glam Up Studio Calicut Beauty Salon TGUS Calicut,Beauty Parlour,Kozhikode,919988550595.0,4.8,138.0,,95,146250,"You have 138 happy clients with a 4.8 rating, but no website! Let's showcase your work with a premium profile on itsmy.wedding",Tier 1 - Premium
Toni&guy Calicut Mini-bypass,Hairdresser,Kozhikode,917907508090.0,4.8,188.0,,95,146250,"You have 188 happy clients with a 4.8 rating, but no website! Let's showcase your work with a premium profile on itsmy.wedding",Tier 1 - Premium
Galaxy Caterers,Caterer,Kochi,919895101661.0,4.5,182.0,,95,292500,"You have 182 happy clients with a 4.5 rating, but no website! Let's showcase your work with a premium profile on itsmy.wedding",Tier 1 - Premium
"SSA Caters,trivandrum",Catering Food And Drink Supplier,Thiruvananthapuram,919745944447.0,4.9,107.0,,95,146250,"You have 107 happy clients with a 4.9 rating, but no website! Let's showcase your work with a premium profile on itsmy.wedding",Tier 1 - Premium
NELLARA CATERS & EVENTS,Restaurant Supply Store,Thiruvananthapuram,917510224017.0,5.0,120.0,,95,146250,"You have 120 happy clients with a 5.0 rating, but no website! Let's showcase your work with a premium profile on itsmy.wedding",Tier 1 - Premium
Padippura Catering Services,Caterer,Thiruvananthapuram,919447165080.0,4.5,132.0,,95,292500,"You have 132 happy clients with a 4.5 rating, but no website! Let's showcase your work with a premium profile on itsmy.wedding",Tier 1 - Premium
NAYURA Makeup Studio & Spa,Beauty Parlour,Thiruvananthapuram,919633236649.0,4.8,191.0,,95,146250,"You have 191 happy clients with a 4.8 rating, but no website! Let's showcase your work with a premium profile on itsmy.wedding",Tier 1 - Premium
Obsession ‚Äì The Beauty Lounge ‚Äì Bridal Makeover Studio,Beauty Parlour,Thiruvananthapuram,919745038030.0,4.9,152.0,,95,146250,"You have 152 happy clients with a 4.9 rating, but no website! Let's showcase your work with a premium profile on itsmy.wedding",Tier 1 - Premium
Soorya's Skin Hair Makeup,Beauty Parlour,Thiruvananthapuram,918129602602.0,4.7,119.0,,95,146250,"You have 119 happy clients with a 4.7 rating, but no website! Let's showcase your work with a premium profile on itsmy.wedding",Tier 1 - Premium
Grandeur By Shruthi,Make-up Artist,Thiruvananthapuram,919995212955.0,4.7,124.0,,95,146250,"You have 124 happy clients with a 4.7 rating, but no website! Let's showcase your work with a premium profile on itsmy.wedding",Tier 1 - Premium
Ajay‚Äôs Bridal Studio & Unisex Salon,Beauty Parlour,Thiruvananthapuram,917306722687.0,4.8,104.0,,95,146250,"You have 104 happy clients with a 4.8 rating, but no website! Let's showcase your work with a premium profile on itsmy.wedding",Tier 1 - Premium
Anabella Makeover Studio Bridal Makeup And Beauty Parlour,Beauty Parlour,Thiruvananthapuram,919961504440.0,5.0,111.0,,95,146250,"You have 111 happy clients with a 5.0 rating, but no website! Let's showcase your work with a premium profile on itsmy.wedding",Tier 1 - Premium
Glamour World Family Salon & Bridal Make-up Studio,Beauty Parlour,Kochi,919995125551.0,4.8,136.0,,95,146250,"You have 136 happy clients with a 4.8 rating, but no website! Let's showcase your work with a premium profile on itsmy.wedding",Tier 1 - Premium
Vikas Vks Kerala Makeup Artist,Make-up Artist,Kochi,919995791191.0,4.9,187.0,,95,146250,"You have 187 happy clients with a 4.9 rating, but no website! Let's showcase your work with a premium profile on itsmy.wedding",Tier 1 - Premium
MONSOON BEAUTY CLINIC,Beauty Parlour,Kochi,919995402666.0,4.8,135.0,,95,146250,"You have 135 happy clients with a 4.8 rating, but no website! Let's showcase your work with a premium profile on itsmy.wedding",Tier 1 - Premium
Cinderella Beauty Parlour,Beauty Parlour,Thiruvananthapuram,919496275351.0,4.7,129.0,,95,146250,"You have 129 happy clients with a 4.7 rating, but no website! Let's showcase your work with a premium profile on itsmy.wedding",Tier 1 - Premium
Bridesofdeepthi,Beauty Parlour,Thiruvananthapuram,917907842013.0,4.5,171.0,,95,146250,"You have 171 happy clients with a 4.5 rating, but no website! Let's showcase your work with a premium profile on itsmy.wedding",Tier 1 - Premium
Neethu Subhash Makeup Artistry,Make-up Artist,Thiruvananthapuram,917306474740.0,4.9,140.0,,95,146250,"You have 140 happy clients with a 4.9 rating, but no website! Let's showcase your work with a premium profile on itsmy.wedding",Tier 1 - Premium
Flower Decorations,Flower Designer,Kochi,919061370808.0,4.8,193.0,,95,146250,"You have 193 happy clients with a 4.8 rating, but no website! Let's showcase your work with a premium profile on itsmy.wedding",Tier 1 - Premium
Pixel Art Wedding Company,Photography Studio,Thiruvananthapuram,918848263050.0,5.0,143.0,,95,146250,"You have 143 happy clients with a 5.0 rating, but no website! Let's showcase your work with a premium profile on itsmy.wedding",Tier 1 - Premium
Shine Balloons,Balloon Store,Thrissur,919446230466.0,4.8,127.0,,95,146250,"You have 127 happy clients with a 4.8 rating, but no website! Let's showcase your work with a premium profile on itsmy.wedding",Tier 1 - Premium
PBC Makeup Studio,Cosmetics Store,Thrissur,918590354870.0,4.9,119.0,,95,146250,"You have 119 happy clients with a 4.9 rating, but no website! Let's showcase your work with a premium profile on itsmy.wedding",Tier 1 - Premium
LOOK LIKE BRIDAL STUDIO AND SPA,Beauty Parlour,Thrissur,919995186230.0,4.8,199.0,,95,146250,"You have 199 happy clients with a 4.8 rating, but no website! Let's showcase your work with a premium profile on itsmy.wedding",Tier 1 - Premium
Jhansi Lakshmi Beauty Care And Stitching Centre,Beauty Parlour,Thrissur,918639187135.0,5.0,134.0,,95,146250,"You have 134 happy clients with a 5.0 rating, but no website! Let's showcase your work with a premium profile on itsmy.wedding",Tier 1 - Premium
Glamd Skin Esthetics And Permanent Makeup,Beauty Parlour,Thrissur,919995430306.0,4.8,105.0,,95,146250,"You have 105 happy clients with a 4.8 rating, but no website! Let's showcase your work with a premium profile on itsmy.wedding",Tier 1 - Premium
Beauideal Beauty Parlour,Beauty Parlour,Thrissur,919446491646.0,4.9,131.0,,95,146250,"You have 131 happy clients with a 4.9 rating, but no website! Let's showcase your work with a premium profile on itsmy.wedding",Tier 1 - Premium
Kiteweaver,Boutique,Thrissur,918590211272.0,5.0,106.0,,95,146250,"You have 106 happy clients with a 5.0 rating, but no website! Let's showcase your work with a premium profile on itsmy.wedding",Tier 1 - Premium
Meraki EVENT HUB,Event Management Company,Thrissur,918589060666.0,4.8,115.0,,95,1170000,"You have 115 happy clients with a 4.8 rating, but no website! Let's showcase your work with a premium profile on itsmy.wedding",Tier 1 - Premium
Blue Cube Events,Event Management Company,Kozhikode,918089138717.0,4.9,166.0,,95,1170000,"You have 166 happy clients with a 4.9 rating, but no website! Let's showcase your work with a premium profile on itsmy.wedding",Tier 1 - Premium
Eventive Wedding Planners & Event Management,Event Management Company,Kozhikode,919746616155.0,5.0,190.0,,95,1170000,"You have 190 happy clients with a 5.0 rating, but no website! Let's showcase your work with a premium profile on itsmy.wedding",Tier 1 - Premium
WED.HUB EVENTZ & CATERS,Event Management Company,Thiruvananthapuram,918848809482.0,5.0,181.0,,95,1170000,"You have 181 happy clients with a 5.0 rating, but no website! Let's showcase your work with a premium profile on itsmy.wedding",Tier 1 - Premium
Red Chillies Caterers & Wedding Planners,Restaurant,Kochi,919633138632.0,4.5,120.0,,95,146250,"You have 120 happy clients with a 4.5 rating, but no website! Let's showcase your work with a premium profile on itsmy.wedding",Tier 1 - Premium
NETTOS Catering,Caterer,Ernakulam,919995217164.0,4.7,182.0,,93,292500,"You have 182 happy clients with a 4.7 rating, but no website! Let's showcase your work with a premium profile on itsmy.wedding",Tier 1 - Premium
Spicy Magic Catering And Events,Caterer,Muvattupuzha,919747172700.0,4.9,164.0,,93,292500,"You have 164 happy clients with a 4.9 rating, but no website! Let's showcase your work with a premium profile on itsmy.wedding",Tier 1 - Premium
Karma Caterers & Events,Caterer,Varapuzha,918089459358.0,5.0,150.0,,93,292500,"You have 150 happy clients with a 5.0 rating, but no website! Let's showcase your work with a premium profile on itsmy.wedding",Tier 1 - Premium
Rosedelight Homemade Cakes,Bakery And Cake Shop,Idukki Twp,919447205397.0,5.0,136.0,,93,146250,"You have 136 happy clients with a 5.0 rating, but no website! Let's showcase your work with a premium profile on itsmy.wedding",Tier 1 - Premium
Queens Wedding Company & Events Makers,Event Management Company,Thodupuzha,919544361645.0,4.9,108.0,,93,1170000,"You have 108 happy clients with a 4.9 rating, but no website! Let's showcase your work with a premium profile on itsmy.wedding",Tier 1 - Premium
Sumi's Home Made Cakes & Pizza,Cake Shop,Idukki Twp,919497488078.0,4.8,123.0,,93,146250,"You have 123 happy clients with a 4.8 rating, but no website! Let's showcase your work with a premium profile on itsmy.wedding",Tier 1 - Premium
Royal Flowers& Events,Event Management Company,,918197807116.0,4.8,120.0,,93,1170000,"You have 120 happy clients with a 4.8 rating, but no website! Let's showcase your work with a premium profile on itsmy.wedding",Tier 1 - Premium
Cups & Cakes 18,Cupcake Shop,Chavakkad,918111872888.0,4.6,130.0,,93,146250,"You have 130 happy clients with a 4.6 rating, but no website! Let's showcase your work with a premium profile on itsmy.wedding",Tier 1 - Premium
Cake Bakers Guruvayoor,Cake Shop,Pavaratty,918281462733.0,4.9,121.0,,93,146250,"You have 121 happy clients with a 4.9 rating, but no website! Let's showcase your work with a premium profile on itsmy.wedding",Tier 1 - Premium
Royal Events Haripad,Event Management Company,Haripad,919947223737.0,4.8,132.0,,93,1170000,"You have 132 happy clients with a 4.8 rating, but no website! Let's showcase your work with a premium profile on itsmy.wedding",Tier 1 - Premium
Hilltop Events & Caterers,Event Management Company,Cherthala P.O,918848004007.0,5.0,107.0,,93,1170000,"You have 107 happy clients with a 5.0 rating, but no website! Let's showcase your work with a premium profile on itsmy.wedding",Tier 1 - Premium
Agora Events,Event Management Company,Cherthala,919037736046.0,4.9,127.0,,93,1170000,"You have 127 happy clients with a 4.9 rating, but no website! Let's showcase your work with a premium profile on itsmy.wedding",Tier 1 - Premium
MARRYDAY CATERS & WEDDING PLANNERS KOCHI KERALA,Wedding Planner,Ernakulam,918921936942.0,5.0,108.0,,93,1462500,"You have 108 happy clients with a 5.0 rating, but no website! Let's showcase your work with a premium profile on itsmy.wedding",Tier 1 - Premium
Bethsheba Makeup Studio,Beauty Parlour,Thiruvalla,919946393255.0,4.9,175.0,,93,146250,"You have 175 happy clients with a 4.9 rating, but no website! Let's showcase your work with a premium profile on itsmy.wedding",Tier 1 - Premium
MYST UNISEX SALON,Beauty Parlour,Thiruvalla,919447794460.0,4.9,145.0,,93,146250,"You have 145 happy clients with a 4.9 rating, but no website! Let's showcase your work with a premium profile on itsmy.wedding",Tier 1 - Premium
Angel Wings Beaute And Spa Konni,Beauty Parlour,Konni,919544835375.0,4.9,153.0,,93,146250,"You have 153 happy clients with a 4.9 rating, but no website! Let's showcase your work with a premium profile on itsmy.wedding",Tier 1 - Premium
Lush Looks Wellcare,Beauty Parlour,Thiruvalla,918547883400.0,4.5,139.0,,93,146250,"You have 139 happy clients with a 4.5 rating, but no website! Let's showcase your work with a premium profile on itsmy.wedding",Tier 1 - Premium
Beauty World Beauty Parlour,Beauty Parlour,Kulanada,919495388624.0,4.5,101.0,,93,146250,"You have 101 happy clients with a 4.5 rating, but no website! Let's showcase your work with a premium profile on itsmy.wedding",Tier 1 - Premium
Mariyaz Bridal Ladies Beauty Parlour,Beauty Parlour,Mananthavady,919847217383.0,5.0,144.0,,93,146250,"You have 144 happy clients with a 5.0 rating, but no website! Let's showcase your work with a premium profile on itsmy.wedding",Tier 1 - Premium
Seetha's Bridal Studio Pulpally,Beauty Parlour,Pulpally,919048186547.0,4.9,130.0,,93,146250,"You have 130 happy clients with a 4.9 rating, but no website! Let's showcase your work with a premium profile on itsmy.wedding",Tier 1 - Premium
La Mac Bridal Studio And Beauty Parlour,Beauty Parlour,Thiruvambady,919539204713.0,5.0,193.0,,93,146250,"You have 193 happy clients with a 5.0 rating, but no website! Let's showcase your work with a premium profile on itsmy.wedding",Tier 1 - Premium
"Magic Touch By Sheena Manoj, Beauty Parlour",Beauty Parlour,Panamaram,916238112879.0,4.9,114.0,,93,146250,"You have 114 happy clients with a 4.9 rating, but no website! Let's showcase your work with a premium profile on itsmy.wedding",Tier 1 - Premium
VICHUS BEAUTYCARE,Beauty Parlour,Elappara,917510110687.0,5.0,100.0,,93,146250,"You have 100 happy clients with a 5.0 rating, but no website! Let's showcase your work with a premium profile on itsmy.wedding",Tier 1 - Premium
"Thilakkam Bridal Makeup Studio And Family Salon Kattappana,idukki",Beauty Parlour,Kattappana,919940194095.0,4.8,177.0,,93,146250,"You have 177 happy clients with a 4.8 rating, but no website! Let's showcase your work with a premium profile on itsmy.wedding",Tier 1 - Premium
Dreams Beauty Koothattukulam,Beauty Parlour,Koothattukulam,919446826252.0,4.9,101.0,,93,146250,"You have 101 happy clients with a 4.9 rating, but no website! Let's showcase your work with a premium profile on itsmy.wedding",Tier 1 - Premium
Calista Makeover By Nubla,Make-up Artist,Palakkad,918137023029.0,4.8,102.0,,93,146250,"You have 102 happy clients with a 4.8 rating, but no website! Let's showcase your work with a premium profile on itsmy.wedding",Tier 1 - Premium
Ambadi Beauty Salon,Beauty Parlour,Koduvayur,919539892830.0,5.0,101.0,,93,146250,"You have 101 happy clients with a 5.0 rating, but no website! Let's showcase your work with a premium profile on itsmy.wedding",Tier 1 - Premium
Sindhiyazzz Bridal Makeover,Make-up Artist,Palakkad,918848883818.0,5.0,106.0,,93,146250,"You have 106 happy clients with a 5.0 rating, but no website! Let's showcase your work with a premium profile on itsmy.wedding",Tier 1 - Premium
Paulson's Beauty Clinic,Beauty Parlour,Palakkad,919961201364.0,4.9,123.0,,93,146250,"You have 123 happy clients with a 4.9 rating, but no website! Let's showcase your work with a premium profile on itsmy.wedding",Tier 1 - Premium
Zel Bespoke Makeovers,Make-up Artist,,919497098974.0,5.0,108.0,,93,146250,"You have 108 happy clients with a 5.0 rating, but no website! Let's showcase your work with a premium profile on itsmy.wedding",Tier 1 - Premium
Aura Beauty Salon,Beauty Parlour,Muvattupuzha,919995747222.0,4.6,179.0,,93,146250,"You have 179 happy clients with a 4.6 rating, but no website! Let's showcase your work with a premium profile on itsmy.wedding",Tier 1 - Premium
Wella Ladies Beauty Parlour,Beauty Parlour,Kasaragod,916361820613.0,4.7,190.0,,93,146250,"You have 190 happy clients with a 4.7 rating, but no website! Let's showcase your work with a premium profile on itsmy.wedding",Tier 1 - Premium
Beauty&guy Wedding Salon,Beauty Parlour,Kanhangad,919847071201.0,4.8,170.0,,93,146250,"You have 170 happy clients with a 4.8 rating, but no website! Let's showcase your work with a premium profile on itsmy.wedding",Tier 1 - Premium
Vinu's Makeup Studio,Make-up Artist,Kumbla (kumble),916360849281.0,4.9,104.0,,93,146250,"You have 104 happy clients with a 4.9 rating, but no website! Let's showcase your work with a premium profile on itsmy.wedding",Tier 1 - Premium
"White Rose Beauty Parlour - Ladies Beauty Parlour Guruvayur, Bridal Makeup Artist",Beauty Parlour,Guruvayur,919947919313.0,4.5,158.0,,93,146250,"You have 158 happy clients with a 4.5 rating, but no website! Let's showcase your work with a premium profile on itsmy.wedding",Tier 1 - Premium
Royal Beauty Clinic (ladies Beauty Parlour),Beauty Parlour,Chavakkad,919526516570.0,5.0,113.0,,93,146250,"You have 113 happy clients with a 5.0 rating, but no website! Let's showcase your work with a premium profile on itsmy.wedding",Tier 1 - Premium
Morning Star Ladies Beauty Parlor And Spa,Beauty Parlour,Chavakkad,919645824527.0,4.9,140.0,,93,146250,"You have 140 happy clients with a 4.9 rating, but no website! Let's showcase your work with a premium profile on itsmy.wedding",Tier 1 - Premium
Sheikha Hair And Beauty Salon,Hair Salon,Chavakkad,918089351559.0,4.8,132.0,,93,146250,"You have 132 happy clients with a 4.8 rating, but no website! Let's showcase your work with a premium profile on itsmy.wedding",Tier 1 - Premium
Maria Herbal Beauty Clinic,Beauty Parlour,Varkala,919633947505.0,5.0,111.0,,93,146250,"You have 111 happy clients with a 5.0 rating, but no website! Let's showcase your work with a premium profile on itsmy.wedding",Tier 1 - Premium
ELEGANZE UNISEX BEAUTY SALOON & MAKEOVER HUB,Beauty Parlour,,919995710300.0,4.8,144.0,,93,146250,"You have 144 happy clients with a 4.8 rating, but no website! Let's showcase your work with a premium profile on itsmy.wedding",Tier 1 - Premium
Beauty Touch Tattoo Studio & Beauty Parlour,Tattoo Shop,Kottakkal,919946139724.0,4.9,155.0,,93,146250,"You have 155 happy clients with a 4.9 rating, but no website! Let's showcase your work with a premium profile on itsmy.wedding",Tier 1 - Premium
Smera's Butterfly & Spiff - Beauty Salon For Gents & Ladies,Beauty Parlour,Manjeri,919387070211.0,4.5,194.0,,93,146250,"You have 194 happy clients with a 4.5 rating, but no website! Let's showcase your work with a premium profile on itsmy.wedding",Tier 1 - Premium
HER GLOW BRIDAL RENTALS & COSMETICS,Bridal Shop,Manjeri,919656589091.0,4.8,182.0,,93,146250,"You have 182 happy clients with a 4.8 rating, but no website! Let's showcase your work with a premium profile on itsmy.wedding",Tier 1 - Premium
"Red Rose Ladies Salon, Kottakkal",Beauty Parlour,Kottakkal,919526511211.0,5.0,173.0,,93,146250,"You have 173 happy clients with a 5.0 rating, but no website! Let's showcase your work with a premium profile on itsmy.wedding",Tier 1 - Premium
CHEENAS BEAUTY LOUNGE. SINCE 2004,Beauty Parlour,Varam,919847921492.0,5.0,176.0,,93,146250,"You have 176 happy clients with a 5.0 rating, but no website! Let's showcase your work with a premium profile on itsmy.wedding",Tier 1 - Premium
Womens World Ladies Beauty Parlour,Beauty Parlour,Kannur,918281184791.0,4.9,118.0,,93,146250,"You have 118 happy clients with a 4.9 rating, but no website! Let's showcase your work with a premium profile on itsmy.wedding",Tier 1 - Premium
"Sanju's Makeover, Ladies Salon, Chathannoor",Beauty Parlour,Kollam,919744222331.0,4.9,112.0,,93,146250,"You have 112 happy clients with a 4.9 rating, but no website! Let's showcase your work with a premium profile on itsmy.wedding",Tier 1 - Premium
Mia Bella Bridal Studio,Beauty Parlour,Kollam,917012370724.0,4.7,121.0,,93,146250,"You have 121 happy clients with a 4.7 rating, but no website! Let's showcase your work with a premium profile on itsmy.wedding",Tier 1 - Premium
Le Beaute Fashion & Cosmotology Academy | Beauty Parlour Course Kollam,Beauty School,Kollam,919037070065.0,4.5,112.0,,93,146250,"You have 112 happy clients with a 4.5 rating, but no website! Let's showcase your work with a premium profile on itsmy.wedding",Tier 1 - Premium
Nila Makeovers,Beauty Parlour,Kollam,919048105496.0,4.8,112.0,,93,146250,"You have 112 happy clients with a 4.8 rating, but no website! Let's showcase your work with a premium profile on itsmy.wedding",Tier 1 - Premium
"Eleganza, The Mystical Touch Unisex Salon",Beauty Parlour,Varkala,918848034764.0,4.9,101.0,,93,146250,"You have 101 happy clients with a 4.9 rating, but no website! Let's showcase your work with a premium profile on itsmy.wedding",Tier 1 - Premium
Team Orchid The Wedding Planners,Wedding Planner,Aikaranad South,919895174858.0,4.5,113.0,,93,1462500,"You have 113 happy clients with a 4.5 rating, but no website! Let's showcase your work with a premium profile on itsmy.wedding",Tier 1 - Premium
Haya Bridal Makeup,Make-up Artist,Alappuzha,916238382491.0,5.0,131.0,,93,146250,"You have 131 happy clients with a 5.0 rating, but no website! Let's showcase your work with a premium profile on itsmy.wedding",Tier 1 - Premium
Divas Magic Mirror Beauty Lounge,Beauty Parlour,Alappuzha,919207162111.0,4.9,119.0,,93,146250,"You have 119 happy clients with a 4.9 rating, but no website! Let's showcase your work with a premium profile on itsmy.wedding",Tier 1 - Premium
"SENORITTA BEAUTY CLINIC AND MAKE-UP STUDIO ( KOTTAYAM , KERALA )",Beauty Parlour,Kottayam,914812585050.0,4.8,131.0,,93,146250,"You have 131 happy clients with a 4.8 rating, but no website! Let's showcase your work with a premium profile on itsmy.wedding",Tier 1 - Premium
Equals Unisex Beauty Hub,Beauty Parlour,Vandanam,917994642626.0,4.8,167.0,,93,146250,"You have 167 happy clients with a 4.8 rating, but no website! Let's showcase your work with a premium profile on itsmy.wedding",Tier 1 - Premium
Henna Girl Riya,Make-up Artist,Kannur,916282076416.0,4.8,133.0,,93,146250,"You have 133 happy clients with a 4.8 rating, but no website! Let's showcase your work with a premium profile on itsmy.wedding",Tier 1 - Premium
Colours Photography,Wedding Photographer,Kannur,918281000007.0,4.9,195.0,,93,438750,"You have 195 happy clients with a 4.9 rating, but no website! Let's showcase your work with a premium profile on itsmy.wedding",Tier 1 - Premium
Smoke& Mirrors Unisex Beauty Salon&bridal Studio,Beauty Parlour,Kannur,918652676207.0,4.9,115.0,,93,146250,"You have 115 happy clients with a 4.9 rating, but no website! Let's showcase your work with a premium profile on itsmy.wedding",Tier 1 - Premium
Glitz Beauty Clinic-groom Make Up In Kannur,Beauty Parlour,Kannur,919048233639.0,4.6,125.0,,93,146250,"You have 125 happy clients with a 4.6 rating, but no website! Let's showcase your work with a premium profile on itsmy.wedding",Tier 1 - Premium
Makeup Artist Veena,Make-up Artist,Azhikode South,919497839548.0,5.0,126.0,,93,146250,"You have 126 happy clients with a 5.0 rating, but no website! Let's showcase your work with a premium profile on itsmy.wedding",Tier 1 - Premium
Soundarya Beauty World,Beauty Parlour,Kannur,919847003376.0,4.8,152.0,,93,146250,"You have 152 happy clients with a 4.8 rating, but no website! Let's showcase your work with a premium profile on itsmy.wedding",Tier 1 - Premium
Le Blush Makeover By Meera,Make-up Artist,Alappuzha,917907803310.0,5.0,156.0,,93,146250,"You have 156 happy clients with a 5.0 rating, but no website! Let's showcase your work with a premium profile on itsmy.wedding",Tier 1 - Premium
Calanthe Caterers And Events,Event Management Company,Alappuzha,917012904125.0,4.8,185.0,,93,1170000,"You have 185 happy clients with a 4.8 rating, but no website! Let's showcase your work with a premium profile on itsmy.wedding",Tier 1 - Premium
BNY NATION - World PR & Hospitality,Public Relations Firm,Alappuzha,919746897772.0,4.9,120.0,,93,146250,"You have 120 happy clients with a 4.9 rating, but no website! Let's showcase your work with a premium profile on itsmy.wedding",Tier 1 - Premium
The Cake Garden,Bakery And Cake Shop,Alappuzha,916238976940.0,4.8,175.0,,93,146250,"You have 175 happy clients with a 4.8 rating, but no website! Let's showcase your work with a premium profile on itsmy.wedding",Tier 1 - Premium
RS Flora Flowers,Florist,Alappuzha,918606027124.0,4.9,100.0,,93,146250,"You have 100 happy clients with a 4.9 rating, but no website! Let's showcase your work with a premium profile on itsmy.wedding",Tier 1 - Premium
NEW SAGAR EVENT MANAGEMENT,Event Planner,Thalassery,919497610786.0,4.8,187.0,,93,1462500,"You have 187 happy clients with a 4.8 rating, but no website! Let's showcase your work with a premium profile on itsmy.wedding",Tier 1 - Premium
"Cover-up Fashion Boutique, Kannur",Dressmaker,Puthiyatheru,919400422373.0,4.6,133.0,,93,146250,"You have 133 happy clients with a 4.6 rating, but no website! Let's showcase your work with a premium profile on itsmy.wedding",Tier 1 - Premium
Malik Events,Event Management Company,Kannur,919995596622.0,4.6,127.0,,93,1170000,"You have 127 happy clients with a 4.6 rating, but no website! Let's showcase your work with a premium profile on itsmy.wedding",Tier 1 - Premium
PRANAVAM EVENTS&CATERERS,Event Management Company,Chavara,919746595826.0,5.0,156.0,,93,1170000,"You have 156 happy clients with a 5.0 rating, but no website! Let's showcase your work with a premium profile on itsmy.wedding",Tier 1 - Premium
S Photography Wedding Company,Photography Studio,Chirakkara,918606292956.0,5.0,120.0,,93,146250,"You have 120 happy clients with a 5.0 rating, but no website! Let's showcase your work with a premium profile on itsmy.wedding",Tier 1 - Premium
Glitz Caterers N Events,Event Management Company,,918330008090.0,4.9,103.0,,93,1170000,"You have 103 happy clients with a 4.9 rating, but no website! Let's showcase your work with a premium profile on itsmy.wedding",Tier 1 - Premium
AJ Caterers & Event Planning,Event Management Company,Thevalakkara,919544394580.0,5.0,101.0,,93,1170000,"You have 101 happy clients with a 5.0 rating, but no website! Let's showcase your work with a premium profile on itsmy.wedding",Tier 1 - Premium
The Grand Day Events Kollam,Event Management Company,Kollam,918089541468.0,4.6,130.0,,93,1170000,"You have 130 happy clients with a 4.6 rating, but no website! Let's showcase your work with a premium profile on itsmy.wedding",Tier 1 - Premium
FACETUNE BEAUTY LOUNGE,Beauty Parlour,Nenmanikkara,918714324544.0,4.6,168.0,,93,146250,"You have 168 happy clients with a 4.6 rating, but no website! Let's showcase your work with a premium profile on itsmy.wedding",Tier 1 - Premium
FEMIN BRIDAL STUDIO HAIR STYLISTS SALOON LADIES AND KIDS KUNNAMKULAM GURUVAYOOR,Beauty Parlour,,919847405043.0,4.6,111.0,,93,146250,"You have 111 happy clients with a 4.6 rating, but no website! Let's showcase your work with a premium profile on itsmy.wedding",Tier 1 - Premium
Chempakam Beauty Care & Spa,Make-up Artist,Nemom,919400332296.0,4.8,122.0,,93,146250,"You have 122 happy clients with a 4.8 rating, but no website! Let's showcase your work with a premium profile on itsmy.wedding",Tier 1 - Premium
Farzanakhan‚Äôs Makeover Studio & Academy,Hostel,Ernakulam,917909162514.0,4.9,124.0,,93,146250,"You have 124 happy clients with a 4.9 rating, but no website! Let's showcase your work with a premium profile on itsmy.wedding",Tier 1 - Premium
Beena's My Touch Beauty Salon,Beauty Parlour,Ernakulam,919249924994.0,4.7,173.0,,93,146250,"You have 173 happy clients with a 4.7 rating, but no website! Let's showcase your work with a premium profile on itsmy.wedding",Tier 1 - Premium
"Asha Manu's Makeover & Salon | Salon In Kundannoor, Maradu, Ernakulam | Hair Treatments, Saree Draping & Make-up In Ernakulam",Beauty Parlour,Ernakulam,918301034886.0,4.9,104.0,,93,146250,"You have 104 happy clients with a 4.9 rating, but no website! Let's showcase your work with a premium profile on itsmy.wedding",Tier 1 - Premium
SIMIS BEAUTY STUDIO,Beauty Parlour,Ernakulam,919847769561.0,4.8,138.0,,93,146250,"You have 138 happy clients with a 4.8 rating, but no website! Let's showcase your work with a premium profile on itsmy.wedding",Tier 1 - Premium
Stylish Beauty Zone,Beauty Parlour,Balussery,919605127979.0,4.9,147.0,,93,146250,"You have 147 happy clients with a 4.9 rating, but no website! Let's showcase your work with a premium profile on itsmy.wedding",Tier 1 - Premium
Blue Daimond Catering & Events,Event Management Company,Palakkad,918848966507.0,4.8,134.0,,93,1170000,"You have 134 happy clients with a 4.8 rating, but no website! Let's showcase your work with a premium profile on itsmy.wedding",Tier 1 - Premium
LT Wedding Films,Wedding Photographer,Pathanamthitta,919037358394.0,4.9,126.0,,93,438750,"You have 126 happy clients with a 4.9 rating, but no website! Let's showcase your work with a premium profile on itsmy.wedding",Tier 1 - Premium
Carnival Decoration,Wedding Planner,Mezhuveli,919544851104.0,4.9,124.0,,93,1462500,"You have 124 happy clients with a 4.9 rating, but no website! Let's showcase your work with a premium profile on itsmy.wedding",Tier 1 - Premium
Malabar Flowers,Flower Delivery,Pathanamthitta,919847414226.0,4.9,112.0,,93,146250,"You have 112 happy clients with a 4.9 rating, but no website! Let's showcase your work with a premium profile on itsmy.wedding",Tier 1 - Premium
Rainbow Weddings & Events,Event Management Company,Konni,919946103703.0,4.9,105.0,,93,1170000,"You have 105 happy clients with a 4.9 rating, but no website! Let's showcase your work with a premium profile on itsmy.wedding",Tier 1 - Premium
Ambily's Kitchen Homely Catering,Caterer,Muttil North,916282645929.0,4.9,129.0,,93,292500,"You have 129 happy clients with a 4.9 rating, but no website! Let's showcase your work with a premium profile on itsmy.wedding",Tier 1 - Premium
Jaza Home Made Cakes Sulthan Bathery Wayanad,Bakery And Cake Shop,Sultan Bathery,919645040765.0,4.8,110.0,,93,146250,"You have 110 happy clients with a 4.8 rating, but no website! Let's showcase your work with a premium profile on itsmy.wedding",Tier 1 - Premium
"Kalidasa Tree House And Villa, Wayanad",,,917510963676.0,4.8,184.0,,93,146250,"You have 184 happy clients with a 4.8 rating, but no website! Let's showcase your work with a premium profile on itsmy.wedding",Tier 1 - Premium
CKV,Caterer,Palakkad,919633298987.0,4.9,191.0,,93,292500,"You have 191 happy clients with a 4.9 rating, but no website! Let's showcase your work with a premium profile on itsmy.wedding",Tier 1 - Premium
Sunnys Caterers And Events,Caterer,Ithithanam,918547920037.0,5.0,107.0,,93,292500,"You have 107 happy clients with a 5.0 rating, but no website! Let's showcase your work with a premium profile on itsmy.wedding",Tier 1 - Premium
